episode,steps,X,Y,yaw,steer,throttle,action,reward,done,all_wheels_on_track,progress,closest_waypoint,track_len,tstamp,episode_status,pause_duration
40,1.0,3.1998743269995904,0.6830691295242362,0.1761436040813052,4.607264189495737,2.1392486884949937,[4.607264189495737 2.1392486884949937],0.0,False,True,0.7913499472236166,1,17.709159380834848,116.75,prepare,0.0
40,2.0,3.199774188984844,0.6831514041315747,0.19581235985784706,-3.433175941499403,3.0918187908223818,[-3.433175941499403 3.0918187908223818],109.99678563415,False,True,0.7907859772592618,1,17.709159380834848,116.816,in_progress,0.0
40,3.0,3.205629932153524,0.6806818225539568,-0.37245705820717623,-7.748719169593205,1.1821148876544862,[-7.748719169593205 1.1821148876544862],94.20188755209992,False,True,0.8238073867555505,1,17.709159380834848,116.883,in_progress,0.0
40,4.0,3.2270822670748234,0.6799543525221743,-0.5632104909690322,-1.6324085367161416,1.77282496708026,[-1.6324085367161416 1.77282496708026],112.22434018290083,False,True,0.9449609051209824,1,17.709159380834848,116.951,in_progress,0.0
40,5.0,3.259208854728762,0.6770556962591988,-1.1824953392167374,30.0,2.5245146937556493,[30.0 2.5245146937556493],137.87993645107827,False,True,1.1263478951352177,1,17.709159380834848,117.017,in_progress,0.0
40,6.0,3.307287848814218,0.6824521387706998,0.36548784639834164,11.45323346804821,4.0,[11.45323346804821 4.0],179.78864840988652,False,True,1.3978864840988652,2,17.709159380834848,117.086,in_progress,0.0
40,7.0,3.3643130539350774,0.6979433767780959,3.8955604704657274,30.0,3.42027720647911,[30.0 3.42027720647911],206.1952282306651,False,True,1.7199245616587397,2,17.709159380834848,117.147,in_progress,0.0
40,8.0,3.436914388394007,0.7284554812279302,9.994640986767463,9.142036350402648,4.0,[9.142036350402648 4.0],252.9933112721832,False,True,2.129933112721832,3,17.709159380834848,117.217,in_progress,0.0
40,9.0,3.5130547934329064,0.7687958179479906,15.864829021142155,9.343242073827021,3.6303828122926873,[9.343242073827021 3.6303828122926873],292.3046935145534,False,True,2.5600086539162654,3,17.709159380834848,117.282,in_progress,0.0
40,10.0,3.611308291494017,0.819212472797763,20.443808995086044,-29.42812444972969,2.2211683295765114,[-29.42812444972969 2.2211683295765114],333.70554739225486,False,True,3.1149386409648976,4,17.709159380834848,117.343,in_progress,0.0
40,11.0,3.713606809675778,0.8662960818509582,22.271418256296272,-0.14571272118573475,3.0202862831649897,[-0.14571272118573475 3.0202862831649897],399.4708612382335,False,True,3.6926799840658364,4,17.709159380834848,117.417,in_progress,0.0
40,12.0,3.8310291259671025,0.9165695705948999,22.840455496530588,-19.412595006282945,1.0,[-19.412595006282945 1.0],445.5811785237151,False,True,4.355811785237151,5,17.709159380834848,117.489,in_progress,0.0
40,13.0,3.9475342587641835,0.9702524719827206,23.728325989558158,11.812405424958584,3.1541305192404625,[11.812405424958584 3.1541305192404625],532.9210893962147,False,True,5.013797842038101,6,17.709159380834848,117.553,in_progress,0.0
40,14.0,4.055558129353497,1.015288515752769,23.409798327670043,-18.33736733205405,2.6564313481782706,[-18.33736733205405 2.6564313481782706],0.0,False,False,5.623874216528553,7,17.709159380834848,117.615,in_progress,0.0
40,15.0,4.185059234133255,1.074806298171674,23.875680522089738,-5.771557069629271,4.0,[-5.771557069629271 4.0],0.0,False,False,6.355271043585282,8,17.709159380834848,117.685,in_progress,0.0
40,16.0,4.321327979977422,1.1233720808585645,21.687221517625403,-7.100842038819813,3.7985737494968594,[-7.100842038819813 3.7985737494968594],0.0,False,False,7.12486430153475,8,17.709159380834848,117.756,in_progress,0.0
40,17.0,4.472158800247755,1.1656277887494266,18.30804859776357,4.82013801611307,1.0,[4.82013801611307 1.0],0.0,False,False,7.9766500034835905,9,17.709159380834848,117.815,in_progress,0.0
40,18.0,4.630081103972996,1.2077116226563747,14.458585715572891,-18.333927503731108,1.0,[-18.333927503731108 1.0],0.0,True,False,8.868524722012463,10,17.709159380834848,117.887,off_track,0.0
41,1.0,4.08542039049804,0.6835149883060927,-0.03367205399326285,-6.673298786684988,4.0,[-6.673298786684988 4.0],0.0,False,True,0.7918493463255828,7,17.709159380834848,118.016,prepare,0.0
41,2.0,4.0852696033545755,0.6835320681699999,-0.00900060846592593,-26.056580882019645,2.054642340227944,[-26.056580882019645 2.054642340227944],99.64621497600521,False,True,0.7909979157372578,7,17.709159380834848,118.082,in_progress,0.0
41,3.0,4.0940669199138995,0.6828202058243554,-0.1348791536399474,-30.0,1.0,[-30.0 1.0],94.06731628793095,False,True,0.8406731628793095,7,17.709159380834848,118.152,in_progress,0.0
41,4.0,4.117133621795508,0.6729372323643936,-2.50260029199652,17.387741357800323,3.3836141806332396,[17.387741357800323 3.3836141806332396],130.92677506499626,False,True,0.9709063325866386,7,17.709159380834848,118.219,in_progress,0.0
41,5.0,4.153149372576234,0.6532071623135783,-6.79450586813432,4.780441931890266,2.0309848121724223,[4.780441931890266 2.0309848121724223],137.73389683600655,False,True,1.1742404871428234,7,17.709159380834848,118.286,in_progress,0.0
41,6.0,4.2037675521928195,0.6464101021681048,-7.198584619366394,30.0,3.808362307681729,[30.0 3.808362307681729],184.08936280783524,False,True,1.4600573973101798,8,17.709159380834848,118.344,in_progress,0.0
41,7.0,4.269625308911099,0.6554521653503805,-3.1849553236851063,-10.966298962006938,2.676021975030697,[-10.966298962006938 2.676021975030697],209.95619755667508,False,True,1.8319597780636812,8,17.709159380834848,118.421,in_progress,0.0
41,8.0,4.345469756900269,0.6670711349246682,0.32914150563778216,22.033602443331063,2.0511616920885016,[22.033602443331063 2.0511616920885016],246.53775937007748,False,True,2.2602614244919246,9,17.709159380834848,118.484,in_progress,0.0
41,9.0,4.428227477976252,0.674805467794545,1.9785727294947506,-15.391870808924542,1.0,[-15.391870808924542 1.0],282.7593219897489,False,True,2.7275932198974893,9,17.709159380834848,118.556,in_progress,0.0
41,10.0,4.519913220094811,0.6881373738214807,4.125579042120058,-17.830234484156502,4.0,[-17.830234484156502 4.0],364.535058692472,False,True,3.2453505869247197,10,17.709159380834848,118.62,in_progress,0.0
41,11.0,4.607733632042205,0.6914953510881373,3.509757290994715,-30.0,1.0,[-30.0 1.0],384.1261717136085,False,True,3.7412617171360854,10,17.709159380834848,118.686,in_progress,0.0
41,12.0,4.7034753055646465,0.6848404806935668,1.320145682619152,20.409392895429683,4.0,[20.409392895429683 4.0],468.1881511472689,False,True,4.281881511472689,11,17.709159380834848,118.752,in_progress,0.0
41,13.0,4.796551364875976,0.6794390117089376,0.12841181629780032,15.434021960116965,2.201513237803818,[15.434021960116965 2.201513237803818],502.7602625745113,False,True,4.807451301964731,12,17.709159380834848,118.808,in_progress,0.0
41,14.0,4.895198533017592,0.6948821039993776,3.328375978785891,16.780746929503465,3.807546901608797,[16.780746929503465 3.807546901608797],574.5280131422314,False,True,5.364525441261435,12,17.709159380834848,118.884,in_progress,0.0
41,15.0,5.0242068624942124,0.7329070833681128,10.014817447011772,-17.056382770463838,1.0,[-17.056382770463838 1.0],619.3082428839846,False,True,6.093082428839846,13,17.709159380834848,118.951,in_progress,0.0
41,16.0,5.13744544363397,0.7728876685691488,15.175018532845366,-16.390389336808166,2.8782830965885937,[-16.390389336808166 2.8782830965885937],702.0425342257385,False,True,6.732597032598525,14,17.709159380834848,119.022,in_progress,0.0
41,17.0,5.253193509593089,0.8004295366973001,14.337070553145573,-30.0,3.4477649973903173,[-30.0 3.4477649973903173],773.1000844321993,False,True,7.386224344582961,15,17.709159380834848,119.071,in_progress,0.0
41,18.0,5.372294016591812,0.8142549159107307,10.834070652563511,-17.611162668170557,1.0228097204139268,[-17.611162668170557 1.0228097204139268],816.117295078811,False,True,8.058891978746717,15,17.709159380834848,119.154,in_progress,0.0
41,19.0,5.5024738489436205,0.8072132792759964,3.102920883684147,-4.498345088814556,2.10496724321254,[-4.498345088814556 2.10496724321254],900.5175731941946,False,True,8.794679007620692,16,17.709159380834848,119.208,in_progress,0.0
41,20.0,5.640987580648356,0.7922383525928972,-2.050052290157095,30.0,2.286720990795433,[30.0 2.286720990795433],980.4295244557561,False,True,9.575623145478017,17,17.709159380834848,119.284,in_progress,0.0
41,21.0,5.7571520119672135,0.7865688567173152,-2.320815526402867,-11.995251733798874,2.286678657460264,[-11.995251733798874 2.286678657460264],1045.7776384883584,False,True,10.229108519137558,18,17.709159380834848,119.345,in_progress,0.0
41,22.0,5.884704791517195,0.783480021353839,-2.025105384964603,14.789251982053528,1.0,[14.789251982053528 1.0],1104.9445878179583,False,True,10.949445878179583,19,17.709159380834848,119.437,in_progress,0.0
41,23.0,6.020875794267712,0.7711031744899383,-3.781737040608576,25.253729338515,3.552212512631597,[25.253729338515 3.552212512631597],1207.2045035710837,False,True,11.716823784447676,20,17.709159380834848,119.479,in_progress,0.0
41,24.0,6.130283987350396,0.7712269291252104,-2.2702838993711323,-10.33629640777502,1.896971357469746,[-10.33629640777502 1.896971357469746],1254.1209302492834,False,True,12.351512166745861,21,17.709159380834848,119.552,in_progress,0.0
41,25.0,6.251814000548395,0.7693172224211235,-1.4490837073215443,17.981720221082703,1.5199414459337057,[17.981720221082703 1.5199414459337057],1321.5189792560573,False,True,13.063195647967202,21,17.709159380834848,119.618,in_progress,0.0
41,26.0,6.379731166825047,0.7643581975712748,-1.7701656334399398,11.187700591418093,1.0,[11.187700591418093 1.0],1389.95659229029,False,True,13.7995659229029,22,17.709159380834848,119.691,in_progress,0.0
41,27.0,6.499861289606407,0.7752736402782304,1.388320491723258,-14.030169799301573,1.0,[-14.030169799301573 1.0],1464.301168321352,False,True,14.54301168321352,23,17.709159380834848,119.747,in_progress,0.0
41,28.0,6.5981689594613,0.7802100741045345,1.8499749387853803,-0.3485628683459261,1.275897807354842,[-0.3485628683459261 1.275897807354842],1520.369457864774,False,True,15.076104797912254,24,17.709159380834848,119.815,in_progress,0.0
41,29.0,6.680581454342022,0.7778783313391018,0.7711351680664504,-30.0,2.364413118070443,[-30.0 2.364413118070443],1574.1226655299233,False,True,15.50478534349219,24,17.709159380834848,119.879,in_progress,0.0
41,30.0,6.78813344777185,0.7680087911989768,-1.8682198565696253,9.23908267674117,1.4267617528858871,[9.23908267674117 1.4267617528858871],1615.1101648346707,False,True,16.008425473058118,25,17.709159380834848,119.951,in_progress,0.0
41,31.0,6.885547154750046,0.7484740031909568,-5.665669256881317,30.0,1.0,[30.0 1.0],1646.2212851002894,False,True,16.362212851002894,25,17.709159380834848,120.019,in_progress,0.0
41,32.0,6.974675456999987,0.7382527068822959,-6.079232792162047,6.633171075247617,2.6977346229322428,[6.633171075247617 2.6977346229322428],1701.4011819734162,False,True,16.74423835744094,26,17.709159380834848,120.076,in_progress,0.0
41,33.0,7.079957417451805,0.7332017400074626,-4.801599404178954,4.415749778080276,4.0,[4.415749778080276 4.0],1743.012288032562,False,True,17.03012288032562,26,17.709159380834848,120.153,in_progress,0.0
41,34.0,7.193355221268956,0.7324644873031353,-3.0127304632339698,4.806298585848815,2.1996117432278117,[4.806298585848815 2.1996117432278117],1772.5134715036825,False,True,17.505173540714043,27,17.709159380834848,120.218,in_progress,0.0
41,35.0,7.309755976519193,0.7368592495107751,-0.9225923010508627,25.302233142716624,3.5455019691508083,[25.302233142716624 3.5455019691508083],0.0,False,False,17.835294541498325,27,17.709159380834848,120.283,in_progress,0.0
41,36.0,7.450852104271137,0.7496050261012122,2.2109670354026743,15.126191836139974,3.1406815249459306,[15.126191836139974 3.1406815249459306],0.0,False,False,18.073004080018762,27,17.709159380834848,120.349,in_progress,0.0
41,37.0,7.610344907311778,0.785331164164529,8.257726693296506,-30.0,3.960524212710375,[-30.0 3.960524212710375],0.0,True,False,18.682777935099836,28,17.709159380834848,120.42,off_track,0.0
42,1.0,4.970907996045674,0.6840066471885601,0.06350907543645047,13.096837791714293,4.0,[13.096837791714293 4.0],0.0,False,True,0.7920173778367499,13,17.709159380834848,120.552,prepare,0.0
42,2.0,4.970648403093521,0.6839376398081524,0.022039924478237015,-18.55904385292704,2.919396387196772,[-18.55904385292704 2.919396387196772],108.2490996851993,False,True,0.7905513581323159,13,17.709159380834848,120.614,in_progress,0.0
42,3.0,4.979291905613361,0.6842176147243937,0.09619659627259643,-11.60899502749701,4.0,[-11.60899502749701 4.0],123.93600595991688,False,True,0.8393600595991688,13,17.709159380834848,120.679,in_progress,0.0
42,4.0,5.004131086632743,0.6800883446536254,-0.9872363299167759,19.192154406024386,1.9937516604733827,[19.192154406024386 1.9937516604733827],117.89879216822227,False,True,0.9796127556348844,13,17.709159380834848,120.751,in_progress,0.0
42,5.0,5.037924830341262,0.6799104194823808,-0.9622828590569361,-29.758221748854986,4.0,[-29.758221748854986 4.0],157.04395434429944,False,True,1.1704395434429942,13,17.709159380834848,120.819,in_progress,0.0
42,6.0,5.087360525024587,0.6834557496625459,-0.49965955941271983,-16.992800112789713,3.31543218204733,[-16.992800112789713 3.31543218204733],178.11430519560065,False,True,1.4495998337512737,14,17.709159380834848,120.881,in_progress,0.0
42,7.0,5.148350472322054,0.668976915015875,-3.649865495432588,30.0,1.0,[30.0 1.0],189.39687610539227,False,True,1.7939687610539226,14,17.709159380834848,120.95,in_progress,0.0
42,8.0,5.210589458876458,0.6525320496148017,-7.083152465805376,3.8276071334014503,4.0,[3.8276071334014503 4.0],254.53957984930412,False,True,2.145395798493041,14,17.709159380834848,121.02,in_progress,0.0
42,9.0,5.2966158399978145,0.6440711382822302,-6.61861994207646,30.0,1.8440837571290303,[30.0 1.8440837571290303],281.5563098789695,False,True,2.631154723076792,15,17.709159380834848,121.088,in_progress,0.0
42,10.0,5.380814267155674,0.6489911681479068,-3.38940503185545,30.0,4.0,[30.0 4.0],350.6585303717338,False,True,3.106585303717338,15,17.709159380834848,121.15,in_progress,0.0
42,11.0,5.476958926132477,0.6691618538736218,2.4227527149862937,-30.0,1.7142633864774939,[-30.0 1.7142633864774939],382.0885990626739,False,True,3.6494596519789897,16,17.709159380834848,121.221,in_progress,0.0
42,12.0,5.582337474299306,0.6974031836818373,9.13297698882056,-17.466144226884758,3.8948423760410096,[-17.466144226884758 3.8948423760410096],463.4227965985249,False,True,4.244743728381148,17,17.709159380834848,121.284,in_progress,0.0
42,13.0,5.691122315107378,0.7112724828476157,9.150787713711608,16.259923396759064,2.9616821868154792,[16.259923396759064 2.9616821868154792],515.504013279996,False,True,4.858871914118412,18,17.709159380834848,121.304,in_progress,0.0
42,14.0,5.820924555198477,0.7236543153066268,7.4993328274917275,25.842286433973825,1.0,[25.842286433973825 1.0],569.0856832755389,False,True,5.59085683275539,18,17.709159380834848,121.417,in_progress,0.0
42,15.0,5.931039829073157,0.7431890021582646,8.153804949836607,-1.9473298186671073,1.1098111744127253,[-1.9473298186671073 1.1098111744127253],632.1856090905563,False,True,6.210874973464292,19,17.709159380834848,121.487,in_progress,0.0
42,16.0,6.037189059541315,0.7635254186066774,9.252579546060964,30.0,1.0,[30.0 1.0],690.9296228463927,False,True,6.809296228463927,20,17.709159380834848,121.551,in_progress,0.0
42,17.0,6.13789955319594,0.7832291580041285,9.99710843633969,2.2613633955729924,3.230426499248853,[2.2613633955729924 3.230426499248853],771.9277336225671,False,True,7.396234686300785,21,17.709159380834848,121.621,in_progress,0.0
42,18.0,6.232942018170166,0.8052946296590748,10.961082581386957,-24.370558629807547,1.0,[-24.370558629807547 1.0],807.3760054616927,False,True,7.9737600546169265,21,17.709159380834848,121.684,in_progress,0.0
42,19.0,6.326371513539276,0.8207980127406956,10.349228525574823,25.662811404318575,1.74988150536119,[25.662811404318575 1.74988150536119],868.1750816959114,False,True,8.506762666422995,22,17.709159380834848,121.753,in_progress,0.0
42,20.0,6.422661516357352,0.8367227546788089,10.096149695979658,30.0,1.0,[30.0 1.0],919.5089525370706,False,True,9.095089525370707,23,17.709159380834848,121.818,in_progress,0.0
42,21.0,6.511857300219772,0.8645243037189907,12.702903317864662,9.920916217535073,1.0,[9.920916217535073 1.0],987.3648804273707,False,True,9.773648804273707,23,17.709159380834848,121.879,in_progress,0.0
42,22.0,6.596531106428285,0.8995823981057449,16.109231873570693,-30.0,2.2113199699085593,[-30.0 2.2113199699085593],1064.5243531915082,False,True,10.424111534924227,24,17.709159380834848,121.95,in_progress,0.0
42,23.0,6.679150694024454,0.9300485361307351,17.39508234143054,-14.18763937541779,3.7137969740897865,[-14.18763937541779 3.7137969740897865],1128.682264784317,False,True,10.915442950434192,25,17.709159380834848,122.019,in_progress,0.0
42,24.0,6.78073033616614,0.9473350633061308,14.439579365136641,-3.8455365174929668,1.164126693891337,[-3.8455365174929668 1.164126693891337],1162.7090887965355,False,True,11.510678218576222,25,17.709159380834848,122.082,in_progress,0.0
42,25.0,6.877728572205945,0.9510541731248902,9.778100173891277,30.0,1.9951025545612073,[30.0 1.9951025545612073],1217.3431565061155,False,True,11.973921309605034,26,17.709159380834848,122.152,in_progress,0.0
42,26.0,6.985987400969227,0.9576737385533203,7.408145560528912,25.845021758611978,1.091079233109019,[25.845021758611978 1.091079233109019],1258.7094721084443,False,True,12.477986797773543,27,17.709159380834848,122.223,in_progress,0.0
42,27.0,7.0860214546683125,0.9753640289606327,8.345124491408061,-4.000088998065422,2.2976382739637677,[-4.000088998065422 2.2976382739637677],1309.3358320065663,False,True,12.863594492669286,27,17.709159380834848,122.287,in_progress,0.0
42,28.0,7.184129556228985,0.9927708219801007,8.80358527987468,6.334218690325052,2.2600746430569014,[6.334218690325052 2.2600746430569014],1349.9547537888914,False,True,13.273540073583224,28,17.709159380834848,122.352,in_progress,0.0
42,29.0,7.2933069728864774,1.0079913141373948,8.436293815247366,14.79698115083842,3.8130832811632716,[14.79698115083842 3.8130832811632716],1406.408626321616,False,True,13.682777935099836,28,17.709159380834848,122.416,in_progress,0.0
42,30.0,7.41488421820773,1.0331005786634395,10.030019516115921,-30.0,3.6943089749049216,[-30.0 3.6943089749049216],1435.8471822039107,False,True,13.989040924548615,28,17.709159380834848,122.485,in_progress,0.0
42,31.0,7.548871853916966,1.0540296108617666,9.328446142230632,3.9631671773776205,4.0,[3.9631671773776205 4.0],0.0,False,False,14.459714332601937,29,17.709159380834848,122.555,in_progress,0.0
42,32.0,7.703691925142576,1.0648431037299557,6.357431836049414,-30.0,3.314654358076056,[-30.0 3.314654358076056],0.0,False,False,14.567779603153106,29,17.709159380834848,122.609,in_progress,0.0
42,33.0,7.858332343212291,1.070330513374235,3.744904692594761,11.642151094427447,4.0,[11.642151094427447 4.0],0.0,True,False,14.93014198856097,29,17.709159380834848,122.681,off_track,0.0
43,1.0,5.856243408194894,0.6841249609844711,-0.0630447046460345,21.682632588880928,4.0,[21.682632588880928 4.0],0.0,False,True,0.7913244954419391,19,17.709159380834848,122.813,prepare,0.0
43,2.0,5.856106164210966,0.6842554637200186,-0.018571698924776513,30.0,1.0,[30.0 1.0],89.05461097582528,False,True,0.7905461097582528,19,17.709159380834848,122.882,in_progress,0.0
43,3.0,5.861542058863326,0.6826178604053255,-0.5268286145328773,-13.131399854726265,2.527121884931031,[-13.131399854726265 2.527121884931031],107.39960861529917,False,True,0.8212838976598885,19,17.709159380834848,122.958,in_progress,0.0
43,4.0,5.8792814929093975,0.6862009626588481,0.20457137333994171,11.007669754704054,3.0929785950641886,[11.007669754704054 3.0929785950641886],123.0658147250388,False,True,0.9213602877439692,19,17.709159380834848,123.017,in_progress,0.0
43,5.0,5.90856134214643,0.6828105531944642,-0.7398141521204162,6.769945508026154,3.156758555492618,[6.769945508026154 3.156758555492618],140.24763177315253,False,True,1.0868004621822636,19,17.709159380834848,123.073,in_progress,0.0
43,6.0,5.950956946759279,0.6859167832288603,0.040014274225492835,-12.842803321209434,1.4503690522964756,[-12.842803321209434 1.4503690522964756],147.10815467059624,False,True,1.326044641476315,19,17.709159380834848,123.146,in_progress,0.0
43,7.0,6.001171426607007,0.6807735960448574,-1.1073461602730832,25.1937292631157,1.0,[25.1937292631157 1.0],170.9828592145171,False,True,1.609828592145171,20,17.709159380834848,123.219,in_progress,0.0
43,8.0,6.062505929964821,0.6742003802605753,-2.348687351071209,-12.065594523686183,3.63478948108514,[-12.065594523686183 3.63478948108514],231.83774757793395,False,True,1.9548985276708257,20,17.709159380834848,123.287,in_progress,0.0
43,9.0,6.131095426624039,0.671754814480431,-2.4319846103991383,30.0,2.1298051585026947,[30.0 2.1298051585026947],255.47101306296167,False,True,2.3417296147793474,21,17.709159380834848,123.354,in_progress,0.0
43,10.0,6.219926985335228,0.6674962859814628,-2.693600502862841,-5.40129424208644,1.0,[-5.40129424208644 1.0],293.6297424900161,False,True,2.836297424900161,21,17.709159380834848,123.413,in_progress,0.0
43,11.0,6.306411902498841,0.6731124779576819,-0.35565653339810527,-30.0,2.498495535367483,[-30.0 2.498495535367483],357.54608944446227,False,True,3.3256113409078747,22,17.709159380834848,123.484,in_progress,0.0
43,12.0,6.379046123696583,0.6694331871245452,-1.1440554318234855,13.455560864443896,1.010465507862164,[13.455560864443896 1.010465507862164],382.41896802478254,False,True,3.723143129461609,22,17.709159380834848,123.552,in_progress,0.0
43,13.0,6.46081869381848,0.661930894932681,-2.573151547509191,8.243060394863804,4.0,[8.243060394863804 4.0],457.4905248946015,False,True,4.174905248946015,23,17.709159380834848,123.617,in_progress,0.0
43,14.0,6.560489503147283,0.6575383407799585,-2.5969206657129953,14.749458478863723,1.0,[14.749458478863723 1.0],474.61757182916085,False,True,4.646175718291609,23,17.709159380834848,123.678,in_progress,0.0
43,15.0,6.641889886616717,0.6697247615269198,1.1447748816987404,-15.264471883511147,3.0765436332078133,[-15.264471883511147 3.0765436332078133],541.0368121394107,False,True,5.102713758073326,24,17.709159380834848,123.754,in_progress,0.0
43,16.0,6.737910393321613,0.6821072003211179,3.3377685457859565,3.3473636655519243,2.0346324290793483,[3.3473636655519243 2.0346324290793483],572.8249013763522,False,True,5.524785770855586,24,17.709159380834848,123.819,in_progress,0.0
43,17.0,6.841330000855741,0.6903767530341203,3.8520868842190032,14.866690155547552,3.8352144913528843,[14.866690155547552 3.8352144913528843],644.1348509694925,False,True,6.057827060559637,25,17.709159380834848,123.89,in_progress,0.0
43,18.0,6.95828372282876,0.7086999639599537,6.137332962787041,25.437171287200627,1.5289376781813777,[25.437171287200627 1.5289376781813777],672.6314940811803,False,True,6.573421172993665,26,17.709159380834848,123.95,in_progress,0.0
43,19.0,7.075243764522569,0.7419119669272325,10.531435063930987,5.701632111943766,3.7754892496834502,[5.701632111943766 3.7754892496834502],742.0553013149782,False,True,7.043004088181437,26,17.709159380834848,124.013,in_progress,0.0
43,20.0,7.175382097063275,0.7719427889278305,12.697018972314588,4.238671028455933,2.8009502459755122,[4.238671028455933 2.8009502459755122],785.7940354982195,False,True,7.577845330384644,27,17.709159380834848,124.078,in_progress,0.0
43,21.0,7.323986777218383,0.814085215450146,14.3702466622223,3.3913597954447496,2.4878481489630278,[3.3913597954447496 2.4878481489630278],0.0,False,False,7.936694917149064,27,17.709159380834848,124.156,in_progress,0.0
43,22.0,7.449424504761805,0.851049362165281,15.28987074803599,-30.0,4.0,[-30.0 4.0],0.0,False,False,8.527422286737233,28,17.709159380834848,124.223,in_progress,0.0
43,23.0,7.603750471955288,0.8874853475903959,13.931595506789298,30.0,4.0,[30.0 4.0],0.0,False,False,8.788026560910286,28,17.709159380834848,124.286,in_progress,0.0
43,24.0,7.760341941181408,0.9170495563957524,12.414756737317477,0.35212015213139125,4.0,[0.35212015213139125 4.0],0.0,True,False,9.363301131310426,29,17.709159380834848,124.348,off_track,0.0
44,1.0,6.726530484860179,0.7971885203742223,19.280005028929732,30.0,4.0,[30.0 4.0],0.0,False,True,0.7845360969087722,25,17.709159380834848,124.482,prepare,0.0
44,2.0,6.726269746928077,0.7972396038639442,19.316718374208563,-22.046416942849437,2.0241739010111375,[-22.046416942849437 2.0241739010111375],98.58070612756002,False,True,0.7833896711744864,25,17.709159380834848,124.554,in_progress,0.0
44,3.0,6.735868824716894,0.7987870667833825,18.988856896148604,2.482912247166958,2.3616785271194365,[2.482912247166958 2.3616785271194365],107.11736208984635,False,True,0.8350057681865197,25,17.709159380834848,124.611,in_progress,0.0
44,4.0,6.758470629159168,0.8054244271113492,18.734478817874653,-30.0,1.0,[-30.0 1.0],106.47580502652492,False,True,0.9647580502652492,25,17.709159380834848,124.678,in_progress,0.0
44,5.0,6.795254697015082,0.8076841983925593,16.68451649199723,-7.921379221373691,1.517298709591768,[-7.921379221373691 1.517298709591768],129.5897593602801,False,True,1.1441677226436242,25,17.709159380834848,124.751,in_progress,0.0
44,6.0,6.841533382571251,0.8047949886972976,12.868557896859762,-3.9651058860291926,2.763408383489619,[-3.9651058860291926 2.763408383489619],161.39327226001998,False,True,1.337591884251238,25,17.709159380834848,124.818,in_progress,0.0
44,7.0,6.904223864189965,0.8079679484770885,10.315601741087056,30.0,3.341407611318731,[30.0 3.341407611318731],197.35902045473426,False,True,1.6394494434154694,26,17.709159380834848,124.905,in_progress,0.0
44,8.0,7.006142996487929,0.8331449211218273,11.959056441819962,-30.0,4.0,[-30.0 4.0],249.4793742103082,False,True,2.0947937421030822,26,17.709159380834848,124.953,in_progress,0.0
44,9.0,7.08158992917662,0.857444836494002,13.824558033234622,-2.175192759659698,3.664610692230296,[-2.175192759659698 3.664610692230296],287.0511058122392,False,True,2.504049988899362,27,17.709159380834848,125.02,in_progress,0.0
44,10.0,7.15914647070874,0.8742204187965266,13.472886176737154,30.0,1.5797135798567485,[30.0 1.5797135798567485],299.32658994839977,False,True,2.8352945414983233,27,17.709159380834848,125.08,in_progress,0.0
44,11.0,7.275157035858643,0.9109582203354418,15.175298076928057,20.311601354920015,1.0,[20.311601354920015 1.0],331.04218293244554,False,True,3.2104218293244555,27,17.709159380834848,125.148,in_progress,0.0
44,12.0,7.344089347949536,0.943682168943111,18.273419238481797,-13.883683288074153,3.4314067231511878,[-13.883683288074153 3.4314067231511878],393.4371233950702,False,True,3.5912305616355833,28,17.709159380834848,125.22,in_progress,0.0
44,13.0,7.450243766498252,0.9976706460111077,22.435059991757875,27.983573958956036,4.0,[27.983573958956036 4.0],0.0,False,False,3.911086260192917,28,17.709159380834848,125.287,in_progress,0.0
44,14.0,7.546546153755544,1.046128642489347,24.69378085082334,27.040091719043353,3.6426696126763365,[27.040091719043353 3.6426696126763365],0.0,False,False,4.4143345960343,29,17.709159380834848,125.353,in_progress,0.0
44,15.0,7.6587027444776865,1.1258958551309914,29.999577886504348,-30.0,2.2588448846971536,[-30.0 2.2588448846971536],0.0,False,False,4.78927029624519,29,17.709159380834848,125.42,in_progress,0.0
44,16.0,7.754150377860727,1.1975451342642487,33.685495020731636,-3.885965661015632,2.8899321600014938,[-3.885965661015632 2.8899321600014938],0.0,False,False,5.369130751057849,30,17.709159380834848,125.484,in_progress,0.0
44,17.0,7.882123110458451,1.2718628073647589,31.90618040077,25.058538516457382,1.6951473722155017,[25.058538516457382 1.6951473722155017],0.0,True,False,5.595155701354681,30,17.709159380834848,125.552,off_track,0.0
45,1.0,7.257746449578251,1.4838062845680164,67.57691692400883,-12.571692485944059,2.7046748674015513,[-12.571692485944059 2.7046748674015513],0.0,False,True,0.7889647467655636,30,17.709159380834848,125.679,prepare,0.0
45,2.0,7.258002632985357,1.4836473420835028,67.4879926917607,30.0,3.1312740162688923,[30.0 3.1312740162688923],110.16214544750103,False,True,0.788494052848121,30,17.709159380834848,125.755,in_progress,0.0
45,3.0,7.258356658662619,1.491518388259366,68.06416538154559,-12.393936778111172,4.0,[-12.393936778111172 4.0],123.18113371493408,False,True,0.8318113371493407,31,17.709159380834848,125.817,in_progress,0.0
45,4.0,7.263121312582247,1.5099677563113363,68.57993041088827,-30.0,1.0,[-30.0 1.0],103.93821832895777,False,True,0.9393821832895777,31,17.709159380834848,125.884,in_progress,0.0
45,5.0,7.282010096290261,1.530319392883928,66.42813901744886,-30.0,2.1234019308423813,[-30.0 2.1234019308423813],129.13012024029513,False,True,1.078961009318713,31,17.709159380834848,125.937,in_progress,0.0
45,6.0,7.315356130380138,1.5591093572726864,61.95909587317088,-30.0,4.0,[-30.0 4.0],165.7421204346909,False,True,1.257421204346909,31,17.709159380834848,126.018,in_progress,0.0
45,7.0,7.3581302059472975,1.5923673720631772,56.78201384188786,-6.710446745425042,3.1814563670860867,[-6.710446745425042 3.1814563670860867],176.11769009275113,False,True,1.4430312642189025,31,17.709159380834848,126.086,in_progress,0.0
45,8.0,7.40861347315001,1.630218754635394,51.79915601788185,-10.570558865911224,3.3024567967652434,[-10.570558865911224 3.3024567967652434],200.7844780669884,False,True,1.67759910099336,31,17.709159380834848,126.145,in_progress,0.0
45,9.0,7.4723483393313055,1.6882131092232115,48.635134794145706,30.0,1.0960557727525075,[30.0 1.0960557727525075],214.0820063859083,False,True,2.031214486583832,32,17.709159380834848,126.219,in_progress,0.0
45,10.0,7.532938258482922,1.7528102936995158,47.549586223391664,5.243603738994679,3.035322218426515,[5.243603738994679 3.035322218426515],244.8522823968281,False,True,2.1449906021256293,32,17.709159380834848,126.286,in_progress,0.0
45,11.0,7.579626936449561,1.8172133410113058,49.54323677225114,-30.0,3.2116349874784316,[-30.0 3.2116349874784316],279.5554706021317,False,True,2.474391207273474,32,17.709159380834848,126.353,in_progress,0.0
45,12.0,7.64642786567426,1.9012535300864928,50.36485520507256,-26.059301189233043,1.825152861154403,[-26.059301189233043 1.825152861154403],0.0,False,False,2.9002468801057724,33,17.709159380834848,126.419,in_progress,0.0
45,13.0,7.726441527465769,1.970733223276846,46.792321410925204,30.0,2.7675510071404688,[30.0 2.7675510071404688],0.0,False,False,2.988944684366718,33,17.709159380834848,126.477,in_progress,0.0
45,14.0,7.81943208285363,2.0552721949939627,44.9900943116964,-30.0,1.879049178261908,[-30.0 1.879049178261908],0.0,False,False,3.344626731218381,33,17.709159380834848,126.544,in_progress,0.0
45,15.0,7.900442271942729,2.138647358325382,45.35822444152575,-30.0,4.0,[-30.0 4.0],0.0,True,False,3.7081756049624492,34,17.709159380834848,126.62,off_track,0.0
46,1.0,7.089791714466219,2.3321399180264577,118.01678878684109,-1.3976448640031975,2.8566917400567307,[-1.3976448640031975 2.8566917400567307],0.0,False,True,0.7887079764621663,36,17.709159380834848,126.754,prepare,0.0
46,2.0,7.090189558990951,2.3320076142132136,117.93516785692174,17.930214067083035,1.0,[17.930214067083035 1.0],88.6753080203495,False,True,0.786753080203495,36,17.709159380834848,126.82,in_progress,0.0
46,3.0,7.088203298930226,2.3356711773318977,117.83296667941129,-12.313319835174418,2.2244174091734896,[-12.313319835174418 2.2244174091734896],103.24499613564004,False,True,0.8100082204390513,36,17.709159380834848,126.885,in_progress,0.0
46,4.0,7.077972690006172,2.350024456364049,118.32748955257755,11.018721239900835,1.5911446518169603,[11.018721239900835 1.5911446518169603],106.86057029767808,False,True,0.9094912377950848,36,17.709159380834848,126.963,in_progress,0.0
46,5.0,7.04930308673553,2.3866904501474298,120.19519852819889,15.499497967784556,1.6790462507467918,[15.499497967784556 1.6790462507467918],134.0197287811436,False,True,1.172292662736757,37,17.709159380834848,127.021,in_progress,0.0
46,6.0,7.025041484088252,2.4110596809478744,122.2671322025232,-23.866214262166093,2.696318664558957,[-23.866214262166093 2.696318664558957],163.10702001702833,False,True,1.3614383337143876,37,17.709159380834848,127.09,in_progress,0.0
46,7.0,6.985548187546798,2.4682345897684894,122.79514063070044,-15.938629363340496,4.0,[-15.938629363340496 4.0],214.75898104920174,False,True,1.7475898104920173,37,17.709159380834848,127.153,in_progress,0.0
46,8.0,6.964239994780909,2.5281136636122734,119.4770980610658,-17.78986936498388,1.0,[-17.78986936498388 1.0],217.2125476531478,False,True,2.072125476531478,38,17.709159380834848,127.215,in_progress,0.0
46,9.0,6.952888178476419,2.6068272611002454,112.9949610854826,30.0,2.437367222288694,[30.0 2.437367222288694],260.7278362716002,False,True,2.3635416404871323,38,17.709159380834848,127.282,in_progress,0.0
46,10.0,6.938974007650049,2.6902982950177834,108.79541139059806,21.386362472375986,3.597482768081833,[21.386362472375986 3.597482768081833],307.3726372000793,False,True,2.7139780951926094,39,17.709159380834848,127.36,in_progress,0.0
46,11.0,6.9045834397827255,2.776693804682404,109.82459313504533,26.951040661523358,1.6089901199191903,[26.951040661523358 1.6089901199191903],320.94786845009855,False,True,3.0485796725090664,39,17.709159380834848,127.418,in_progress,0.0
46,12.0,6.856257905666182,2.8574012260664556,113.7589878151386,9.064545954847802,1.3082993910713427,[9.064545954847802 1.3082993910713427],358.42532841496285,False,True,3.4534233450424945,39,17.709159380834848,127.485,in_progress,0.0
46,13.0,6.792555426032603,2.958358469747614,117.48542370957236,-16.03189407706297,4.0,[-16.03189407706297 4.0],429.38932043947716,False,True,3.8938932043947716,40,17.709159380834848,127.549,in_progress,0.0
46,14.0,6.747421650345837,3.0359297521672586,118.43186787761242,-3.5003380302196376,4.0,[-3.5003380302196376 4.0],0.0,False,False,4.171900414153673,40,17.709159380834848,127.617,in_progress,0.0
46,15.0,6.698096630572139,3.1506114812766794,116.0308956075601,-15.991724091700826,3.3939681382739715,[-15.991724091700826 3.3939681382739715],0.0,False,False,4.6580079826720855,41,17.709159380834848,127.685,in_progress,0.0
46,16.0,6.662964683381984,3.2766514876744783,110.98636788693571,-30.0,2.978588218819302,[-30.0 2.978588218819302],0.0,False,False,4.74022288420305,41,17.709159380834848,127.753,in_progress,0.0
46,17.0,6.645201522708444,3.4191622829015946,103.19653083550492,-25.992661254432544,3.920511944851452,[-25.992661254432544 3.920511944851452],0.0,True,False,4.867978115284144,41,17.709159380834848,127.818,off_track,0.0
47,1.0,6.344262815103923,2.767162169600178,168.35865626932903,30.0,4.0,[30.0 4.0],0.0,False,True,0.7898072236980525,42,17.709159380834848,127.948,prepare,0.0
47,2.0,6.344454764550566,2.767073329192865,168.3915256627549,30.0,4.0,[30.0 4.0],118.86914472193473,False,True,0.7886914472193474,42,17.709159380834848,128.02,in_progress,0.0
47,3.0,6.335033512870815,2.7702617799870426,167.99223496966508,-1.1246348346118822,3.3321949082320854,[-1.1246348346118822 3.3321949082320854],117.622115789027,False,True,0.8430016670670615,42,17.709159380834848,128.077,in_progress,0.0
47,4.0,6.314040499679031,2.775948867854966,167.75090884231432,30.0,2.2553702129120516,[30.0 2.2553702129120516],118.90066140201267,False,True,0.9634695927289216,42,17.709159380834848,128.154,in_progress,0.0
47,5.0,6.276570322900583,2.774949612430927,169.78815934541234,-30.0,4.0,[-30.0 4.0],157.41697074590274,False,True,1.1741697074590274,43,17.709159380834848,128.214,in_progress,0.0
47,6.0,6.223106153384074,2.773289978461485,172.00019044581168,-2.4602995817314586,3.4648855362055473,[-2.4602995817314586 3.4648855362055473],182.04293202511207,False,True,1.473940766630566,43,17.709159380834848,128.283,in_progress,0.0
47,7.0,6.171593114156865,2.7832487255426486,171.44657360789034,-30.0,2.8729881026467075,[-30.0 2.8729881026467075],205.32940753437052,False,True,1.7659952650790345,43,17.709159380834848,128.354,in_progress,0.0
47,8.0,6.102560698077189,2.8096305792603298,167.88098210130886,-10.043316333334698,1.4436051045961558,[-10.043316333334698 1.4436051045961558],230.3362420906949,False,True,2.1590019104473335,44,17.709159380834848,128.418,in_progress,0.0
47,9.0,6.032669256851389,2.8485784701355614,162.52363846140094,-0.001139275922014349,3.6187877549195986,[-0.001139275922014349 3.6187877549195986],290.7437602533221,False,True,2.545558827041261,44,17.709159380834848,128.483,in_progress,0.0
47,10.0,5.951103729116502,2.889247060632023,159.26733164445866,-17.44860539428088,1.0,[-17.44860539428088 1.0],310.42114961418065,False,True,3.0042114961418065,45,17.709159380834848,128.546,in_progress,0.0
47,11.0,5.860881499999908,2.932596068616732,157.44384027934473,-30.0,4.0,[-30.0 4.0],391.1210682550225,False,True,3.5112106825502254,45,17.709159380834848,128.619,in_progress,0.0
47,12.0,5.784179643974326,2.9753352140899394,155.2139655886905,-30.0,4.0,[-30.0 4.0],434.2192668288591,False,True,3.942192668288591,46,17.709159380834848,128.684,in_progress,0.0
47,13.0,5.694965109424139,3.04305290422979,150.06004210160071,-30.0,1.957166446645748,[-30.0 1.957166446645748],463.95738164399035,False,True,4.443857171775329,47,17.709159380834848,128.752,in_progress,0.0
47,14.0,5.6208005347664,3.1232104607291196,142.94912524680302,30.0,4.0,[30.0 4.0],0.0,False,False,4.8675143868090185,47,17.709159380834848,128.819,in_progress,0.0
47,15.0,5.53513941462609,3.219975999070114,136.91008467529187,-9.673614771940628,4.0,[-9.673614771940628 4.0],0.0,False,False,5.349190646044311,48,17.709159380834848,128.884,in_progress,0.0
47,16.0,5.446901102863646,3.315558913637453,134.165343289728,10.546975006356469,4.0,[10.546975006356469 4.0],0.0,False,False,5.844736936581957,48,17.709159380834848,128.95,in_progress,0.0
47,17.0,5.347667606563292,3.4274307705519758,132.88686820690572,-3.607741829208777,4.0,[-3.607741829208777 4.0],0.0,True,False,6.4025907001949935,49,17.709159380834848,129.015,off_track,0.0
48,1.0,5.458577435338456,2.7689773124693535,-179.79521357180366,15.938713003562263,4.0,[15.938713003562263 4.0],0.0,False,True,0.7909844540514743,48,17.709159380834848,129.153,prepare,0.0
48,2.0,5.458654170979459,2.768967980580661,-179.78701077530303,-1.943155608872523,3.3531332956018143,[-1.943155608872523 3.3531332956018143],112.58646844865368,False,True,0.7905513549263554,48,17.709159380834848,129.206,in_progress,0.0
48,3.0,5.451679315062787,2.7646876998970726,-178.66490571187143,3.863388802928796,4.0,[3.863388802928796 4.0],123.00320209673917,False,True,0.8300320209673917,48,17.709159380834848,129.287,in_progress,0.0
48,4.0,5.42799500790401,2.7589811102894766,-177.22005193545374,0.7611141414887221,3.5818973935562948,[0.7611141414887221 3.5818973935562948],132.2088330275378,False,True,0.9638985909197484,48,17.709159380834848,129.353,in_progress,0.0
48,5.0,5.392630570083124,2.75726317919492,-177.13303529819603,6.277680406089132,1.0,[6.277680406089132 1.0],126.36310661008842,False,True,1.1636310661008842,49,17.709159380834848,129.418,in_progress,0.0
48,6.0,5.337110482264787,2.750238473263925,-176.20130544438348,30.0,2.506475242556784,[30.0 2.506475242556784],172.79432754986857,False,True,1.4772957512430074,49,17.709159380834848,129.48,in_progress,0.0
48,7.0,5.2664228753445546,2.732913928312916,-173.27407685208695,-21.63441297828353,3.6562322463674213,[-21.63441297828353 3.6562322463674213],224.57376638879768,False,True,1.8801144392512348,49,17.709159380834848,129.569,in_progress,0.0
48,8.0,5.167966705272404,2.7072925461531514,-170.6961657775411,-30.0,3.5382273368402264,[-30.0 3.5382273368402264],278.43524645505545,False,True,2.4305297308665317,50,17.709159380834848,129.619,in_progress,0.0
48,9.0,5.110623954581146,2.706680883320094,-172.6303292758244,-30.0,4.0,[-30.0 4.0],315.43108871072866,False,True,2.7543108871072866,50,17.709159380834848,129.691,in_progress,0.0
48,10.0,5.013554633212174,2.7199425039457457,-178.33650482455465,22.060935471986227,1.0,[22.060935471986227 1.0],337.11664128258764,False,True,3.2711664128258766,51,17.709159380834848,129.751,in_progress,0.0
48,11.0,4.916939462631813,2.7380431668596508,176.24972613163953,-30.0,1.0,[-30.0 1.0],392.51798444393967,False,True,3.825179844439397,52,17.709159380834848,129.82,in_progress,0.0
48,12.0,4.837114755551454,2.7475733755877667,174.9080981529923,3.689178871440056,2.185357016193429,[3.689178871440056 2.185357016193429],446.7370853829133,False,True,4.24883515220979,52,17.709159380834848,129.888,in_progress,0.0
48,13.0,4.739524911457446,2.760323144400744,174.12772404336482,-19.94978799151165,2.9151362894662065,[-19.94978799151165 2.9151362894662065],509.2494306756506,False,True,4.800980677809886,53,17.709159380834848,129.957,in_progress,0.0
48,14.0,4.636622035141547,2.777095547113583,172.68196215381286,30.0,2.6335390830321326,[30.0 2.6335390830321326],558.9343666930938,False,True,5.325989758627725,53,17.709159380834848,130.018,in_progress,0.0
48,15.0,4.52492467686762,2.7923592862152176,172.52169042033321,-22.662614386094333,1.8795362234141368,[-22.662614386094333 1.8795362234141368],602.141570236322,False,True,5.833462080021806,54,17.709159380834848,130.09,in_progress,0.0
48,16.0,4.383252977932005,2.8059244899887026,173.4158301700187,27.47697786553713,2.187234870764343,[27.47697786553713 2.187234870764343],676.760637414698,False,True,6.548882887070545,55,17.709159380834848,130.154,in_progress,0.0
48,17.0,4.282583403028362,2.819660323100612,172.93144794987904,30.0,3.916546251514717,[30.0 3.916546251514717],725.1531665769551,False,True,6.859877040618079,55,17.709159380834848,130.218,in_progress,0.0
48,18.0,4.133701343874426,2.8255209998606894,175.55184662427212,-10.181408731101115,1.659366818920575,[-10.181408731101115 1.659366818920575],761.5136283021277,False,True,7.449199601129219,56,17.709159380834848,130.275,in_progress,0.0
48,19.0,4.000314285730149,2.8229177989953875,179.19800130703538,-30.0,2.2275449913594763,[-30.0 2.2275449913594763],0.0,False,False,7.85754010794869,56,17.709159380834848,130.364,in_progress,0.0
48,20.0,3.803904255368242,2.846648242587176,175.5461766111538,16.25592987601442,1.0,[16.25592987601442 1.0],0.0,False,False,8.516096305000897,57,17.709159380834848,130.42,in_progress,0.0
48,21.0,3.7374667673437383,2.8635783257924143,172.28687295959142,-30.0,4.0,[-30.0 4.0],0.0,True,False,8.828641672186722,58,17.709159380834848,130.487,off_track,0.0
49,1.0,4.590725580077044,2.8811875078347997,157.44522133124588,30.0,1.0,[30.0 1.0],0.0,False,True,0.7903472971759695,54,17.709159380834848,130.624,prepare,0.0
49,2.0,4.5900067526112664,2.881179899659604,157.53674953383344,28.709348733774405,1.110343749784506,[28.709348733774405 1.110343749784506],90.47792928422707,False,True,0.7937449178638201,54,17.709159380834848,130.69,in_progress,0.0
49,3.0,4.584612357409665,2.8842886151334537,157.19553644489307,-0.4201748562865504,1.0,[-0.4201748562865504 1.0],92.88654984502541,False,True,0.8288654984502541,54,17.709159380834848,130.751,in_progress,0.0
49,4.0,4.561323424302412,2.8881311822770463,158.5666833471108,-11.841224860103072,4.0,[-11.841224860103072 4.0],135.13731428354322,False,True,0.9513731428354322,54,17.709159380834848,130.811,in_progress,0.0
49,5.0,4.535168766087918,2.904661749264084,157.15515836767423,11.371809199417712,2.6569414756582708,[11.371809199417712 2.6569414756582708],139.17809770912015,False,True,1.1260868295253745,54,17.709159380834848,130.884,in_progress,0.0
49,6.0,4.492882526007738,2.9254920031209593,156.45603933144744,16.81437533100197,3.2677537901797726,[16.81437533100197 3.2677537901797726],171.74127603863644,False,True,1.390637381368387,55,17.709159380834848,130.954,in_progress,0.0
49,7.0,4.435132485205785,2.9433537046769396,157.9951298496122,-30.0,1.0834579451949735,[-30.0 1.0834579451949735],179.61759224329674,False,True,1.68783012791347,55,17.709159380834848,131.025,in_progress,0.0
49,8.0,4.366886062784387,2.9666914649234997,159.17493491358695,30.0,3.1291691408431173,[30.0 3.1291691408431173],237.52077871762106,False,True,2.0622908730918987,56,17.709159380834848,131.089,in_progress,0.0
49,9.0,4.288233240723933,3.0016972342787462,158.37244885670404,10.35466938920976,2.7877062598523694,[10.35466938920976 2.7877062598523694],276.0231138196107,False,True,2.4814605122108704,56,17.709159380834848,131.146,in_progress,0.0
49,10.0,4.20222394789394,3.0278853779830937,159.8798239865761,9.582496771790751,2.89460869683057,[9.582496771790751 2.89460869683057],321.10606998613355,False,True,2.9215998301782786,57,17.709159380834848,131.223,in_progress,0.0
49,11.0,4.096686501323998,3.060935343479013,161.01145946320648,12.218207285101492,3.9787504064801267,[12.218207285101492 3.9787504064801267],379.47318187142946,False,True,3.3968567780662817,57,17.709159380834848,131.287,in_progress,0.0
49,12.0,3.967185689607497,3.0964856402037144,162.84548094815935,4.924264472064969,3.5090152740014737,[4.924264472064969 3.5090152740014737],436.80805833636623,False,True,4.017179055963515,58,17.709159380834848,131.352,in_progress,0.0
49,13.0,3.8374438261104507,3.124767385387964,165.1892219337988,14.807904621755334,1.6661096911192408,[14.807904621755334 1.6661096911192408],474.4953347379615,False,True,4.578342378267691,59,17.709159380834848,131.42,in_progress,0.0
49,14.0,3.694468933277966,3.149082065126642,167.93122033451942,-10.868616236708704,1.9217898091845012,[-10.868616236708704 1.9217898091845012],0.0,False,False,5.213837266834775,59,17.709159380834848,131.488,in_progress,0.0
49,15.0,3.556380039225025,3.1725871813003024,169.02951246803255,16.389040697899652,3.286510025123151,[16.389040697899652 3.286510025123151],0.0,False,False,5.8099570576097825,60,17.709159380834848,131.552,in_progress,0.0
49,16.0,3.3975262376721385,3.1963292526046065,170.73169884637466,-30.0,1.9238124405865946,[-30.0 1.9238124405865946],0.0,True,False,6.477415801145813,61,17.709159380834848,131.617,off_track,0.0
50,1.0,3.977103842443875,3.5121016531721883,129.26792235878196,-30.0,4.0,[-30.0 4.0],0.0,False,True,0.7915857518931313,60,17.709159380834848,131.738,prepare,0.0
50,2.0,3.9772551891196444,3.5119887562299974,129.24753287051118,30.0,1.0,[30.0 1.0],89.05513581379364,False,True,0.7905513581379364,60,17.709159380834848,131.818,in_progress,0.0
50,3.0,3.9709901250493944,3.5172037182511082,129.58367191394237,-30.0,4.0,[-30.0 4.0],123.57387136626926,False,True,0.8357387136626926,60,17.709159380834848,131.868,in_progress,0.0
50,4.0,3.945256681645934,3.5448792555647675,129.78933841391665,30.0,1.2437235275385632,[30.0 1.2437235275385632],117.30465622498153,False,True,1.048674209495959,60,17.709159380834848,131.95,in_progress,0.0
50,5.0,3.9381001796130835,3.558833767984082,128.5963428236828,22.723997188307763,2.5424980546438984,[22.723997188307763 2.5424980546438984],138.9533681215826,False,True,1.135283875751436,60,17.709159380834848,132.022,in_progress,0.0
50,6.0,3.903921965508106,3.5867691334868725,130.76066594084915,30.0,2.817483515755852,[30.0 2.817483515755852],166.1244602906832,False,True,1.379496251331247,61,17.709159380834848,132.086,in_progress,0.0
50,7.0,3.852210592112227,3.608474691785753,136.57079971015946,-18.15904190825355,3.2616966727507437,[-18.15904190825355 3.2616966727507437],198.51689921671044,False,True,1.6589993248920298,61,17.709159380834848,132.15,in_progress,0.0
50,8.0,3.7904648692881246,3.629918113162666,142.84452762153578,-30.0,4.0,[-30.0 4.0],237.29935345373707,False,True,1.9729935345373706,61,17.709159380834848,132.214,in_progress,0.0
50,9.0,3.723638803923017,3.6767434630194376,143.5435223008397,10.607057931213987,1.6168922459420654,[10.607057931213987 1.6168922459420654],257.8005994096753,False,True,2.4163167695025467,62,17.709159380834848,132.286,in_progress,0.0
50,10.0,3.6625104712159273,3.7298774051627306,141.5706893835986,-4.107693815343769,2.2202651284790753,[-4.107693815343769 2.2202651284790753],308.91502971850076,False,True,2.8671237843371,62,17.709159380834848,132.352,in_progress,0.0
50,11.0,3.5658983200343775,3.7941406646039013,143.58201238865533,-20.796242156609505,4.0,[-20.796242156609505 4.0],389.36262994012424,False,True,3.4936262994012424,63,17.709159380834848,132.414,in_progress,0.0
50,12.0,3.486541884684743,3.8477977391643496,144.35758391620627,-2.4025742415547917,1.0,[-2.4025742415547917 1.0],411.1701012189894,False,True,4.011701012189894,64,17.709159380834848,132.483,in_progress,0.0
50,13.0,3.38583689059523,3.9117496401778418,145.4025407791426,-21.609258930357054,1.0,[-21.609258930357054 1.0],474.7143087230454,False,True,4.647143087230454,65,17.709159380834848,132.549,in_progress,0.0
50,14.0,3.3058086148974004,3.9614309748413,146.40327667923472,-30.0,4.0,[-30.0 4.0],554.7647340123907,False,True,5.147647340123907,65,17.709159380834848,132.618,in_progress,0.0
50,15.0,3.2276108080239854,4.021761349300023,144.93720302041638,0.03181406560273814,1.3017265814250154,[0.03181406560273814 1.3017265814250154],582.0331713347238,False,True,5.690159055204735,66,17.709159380834848,132.678,in_progress,0.0
50,16.0,3.149974209975294,4.087465023261439,142.84699423563347,30.0,4.0,[30.0 4.0],686.6644071438755,False,True,6.466644071438754,67,17.709159380834848,132.75,in_progress,0.0
50,17.0,3.074006899007867,4.135101687517506,144.6742372012232,18.81927395127503,1.0,[18.81927395127503 1.0],737.379694863316,False,True,7.27379694863316,68,17.709159380834848,132.807,in_progress,0.0
50,18.0,2.972459220323151,4.172779348229565,151.0909955295637,0.17374729244306053,1.5954838230875796,[0.17374729244306053 1.5954838230875796],820.6575127995972,False,True,8.047026745687214,69,17.709159380834848,132.886,in_progress,0.0
50,19.0,2.9000424533292084,4.1992435261408385,153.7236939490604,5.818698031703072,1.3003751950682614,[5.818698031703072 1.3003751950682614],903.3462428574462,False,True,8.903424909067637,69,17.709159380834848,132.957,in_progress,0.0
50,20.0,2.8043081324927432,4.230878820566733,156.71052424939566,-18.72713966254878,1.0,[-18.72713966254878 1.0],990.3284789608035,False,True,9.803284789608036,71,17.709159380834848,133.009,in_progress,0.0
50,21.0,2.719739757414958,4.256173859423236,158.94481467480188,-16.168295370867487,2.984007037120739,[-16.168295370867487 2.984007037120739],0.0,False,False,10.222615830681846,71,17.709159380834848,133.074,in_progress,0.0
50,22.0,2.6054100719566877,4.312284696350069,156.40891861559984,-11.32276490192644,1.0,[-11.32276490192644 1.0],1098.799621630009,False,True,10.887996216300088,72,17.709159380834848,133.143,in_progress,0.0
50,23.0,2.5582291199266676,4.34513406430409,153.58750798910538,13.209405073022651,1.3091098084298327,[13.209405073022651 1.3091098084298327],1128.5695965110524,False,True,11.15478498426754,72,17.709159380834848,133.219,in_progress,0.0
50,24.0,2.4831585930783686,4.3955020619227,151.0368975877476,-25.648472181549554,2.428353625459682,[-25.648472181549554 2.428353625459682],1182.2091841095241,False,True,11.579256478549272,73,17.709159380834848,133.286,in_progress,0.0
50,25.0,2.3932489656801827,4.461934177231808,147.57551986691243,30.0,1.3478663773533002,[30.0 1.3478663773533002],1223.0246808593627,False,True,12.095460170858296,73,17.709159380834848,133.336,in_progress,0.0
50,26.0,2.3201598505584795,4.527365350989903,143.6835122508502,30.0,2.5705703260566475,[30.0 2.5705703260566475],1275.1393254186835,False,True,12.49433622158117,74,17.709159380834848,133.415,in_progress,0.0
50,27.0,2.2048607893302923,4.6041033608757855,145.14150082776686,3.993610690819054,1.2532630310719597,[3.993610690819054 1.2532630310719597],1325.651433348821,False,True,13.131188030381013,75,17.709159380834848,133.486,in_progress,0.0
50,28.0,2.126653246451592,4.642438909132321,148.41032223370402,24.405223460014525,2.8516796990576543,[24.405223460014525 2.8516796990576543],1385.6042722745522,False,True,13.570874752839757,75,17.709159380834848,133.551,in_progress,0.0
50,29.0,2.0247411524915915,4.68390366746244,152.3704270391653,21.802850069401003,3.2119334022144366,[21.802850069401003 3.2119334022144366],1446.0995157009245,False,True,14.1398018167878,76,17.709159380834848,133.617,in_progress,0.0
50,30.0,1.8963492758784577,4.715507000887908,159.30057386222012,30.0,3.3436821546181115,[30.0 3.3436821546181115],1519.378423675939,False,True,14.859416021297578,77,17.709159380834848,133.679,in_progress,0.0
50,31.0,1.7482663570918362,4.729712172856654,168.46314748701818,-11.519082572686543,1.0,[-11.519082572686543 1.0],1578.5213625510464,False,True,15.685213625510464,78,17.709159380834848,133.75,in_progress,0.0
50,32.0,1.6260700117274232,4.732355277304016,176.64553593406242,26.04709932931363,4.0,[26.04709932931363 4.0],1676.2184912914402,False,True,16.3621849129144,78,17.709159380834848,133.819,in_progress,0.0
50,33.0,1.4808655937549444,4.730134278870966,-175.84926587294584,24.6819805692424,3.635020250667851,[24.6819805692424 3.635020250667851],1750.186726227385,False,True,17.138365237207065,79,17.709159380834848,133.885,in_progress,0.0
50,34.0,1.3240389711750191,4.701560356058017,-165.49750461271785,21.895685179186998,1.0,[21.895685179186998 1.0],1787.9274780419908,False,True,17.779274780419907,80,17.709159380834848,133.951,in_progress,0.0
50,35.0,1.1916466135709842,4.663163043069169,-155.01456636657696,30.0,4.0,[30.0 4.0],1893.047386263933,False,True,18.53047386263933,81,17.709159380834848,134.018,in_progress,0.0
50,36.0,1.0685536218690326,4.620046056061336,-146.6157419002098,13.557202051917791,2.5347314077226404,[13.557202051917791 2.5347314077226404],0.0,False,False,18.923225800069233,81,17.709159380834848,134.084,in_progress,0.0
50,37.0,0.927728009812052,4.550984240686137,-135.93125535833008,-30.0,1.0,[-30.0 1.0],0.0,False,False,19.53766373490079,82,17.709159380834848,134.155,in_progress,0.0
50,38.0,0.815521486563775,4.489054173713212,-126.68021631231795,25.724979465858254,1.6306784251765971,[25.724979465858254 1.6306784251765971],0.0,False,False,20.24973109072674,83,17.709159380834848,134.223,in_progress,0.0
50,39.0,0.6990180155284431,4.425998189193332,-118.34362169657936,-30.0,4.0,[-30.0 4.0],0.0,False,False,20.71016874859253,83,17.709159380834848,134.285,in_progress,0.0
50,40.0,0.6084107270302489,4.366175449821688,-113.64318686431187,30.0,2.017764975138945,[30.0 2.017764975138945],0.0,False,False,21.18285635020156,84,17.709159380834848,134.341,in_progress,0.0
50,41.0,0.5066500476927058,4.285569901505411,-110.14240131742655,30.0,1.9838363259205896,[30.0 1.9838363259205896],0.0,False,False,21.69516189931404,85,17.709159380834848,134.416,in_progress,0.0
50,42.0,0.42676139437462535,4.200963563111985,-106.19401239954384,-18.598684669323674,2.1910642581033146,[-18.598684669323674 2.1910642581033146],0.0,False,False,22.064549650000988,85,17.709159380834848,134.486,in_progress,0.0
50,43.0,0.3530102553198585,4.100333381228917,-103.05311178641416,9.934540673109368,4.0,[9.934540673109368 4.0],0.0,True,False,22.590582602453257,86,17.709159380834848,134.557,off_track,0.0
51,1.0,3.418348274290546,4.198921153025893,128.96471968562346,-25.350864139137986,2.583389550986723,[-25.350864139137986 2.583389550986723],0.0,False,True,0.7912492852065967,66,17.709159380834848,134.675,prepare,0.0
51,2.0,3.4183329093395782,4.198814251564665,129.02353958816062,30.0,2.562724383042675,[30.0 2.562724383042675],104.71067559057084,False,True,0.790834317601441,66,17.709159380834848,134.753,in_progress,0.0
51,3.0,3.412706402313193,4.205369626141026,129.02971810690252,30.0,1.0,[30.0 1.0],93.95950086015125,False,True,0.8395950086015125,66,17.709159380834848,134.816,in_progress,0.0
51,4.0,3.3913920619552385,4.213008054048119,131.78496764994082,-0.037996508027269726,4.0,[-0.037996508027269726 4.0],135.80066533885545,False,True,0.9580066533885545,66,17.709159380834848,134.884,in_progress,0.0
51,5.0,3.3524441014625124,4.226379218606722,136.52782782651323,30.0,1.9379832605540002,[30.0 1.9379832605540002],136.38250691835276,False,True,1.1700267431281275,66,17.709159380834848,134.968,in_progress,0.0
51,6.0,3.303379938265186,4.241133459587554,142.26062417187745,-30.0,2.355056713052379,[-30.0 2.355056713052379],166.45443158378478,False,True,1.4290386445326098,67,17.709159380834848,135.011,in_progress,0.0
51,7.0,3.2499652204935994,4.257194723269414,147.05255488394798,-29.701557401846685,3.7647167347330015,[-29.701557401846685 3.7647167347330015],208.74841731373886,False,True,1.7110124996640885,67,17.709159380834848,135.085,in_progress,0.0
51,8.0,3.188182033809385,4.292115134718073,148.07261495722025,-27.627390457083834,1.7012634289561703,[-27.627390457083834 1.7012634289561703],236.62719597181928,False,True,2.1961456168225757,68,17.709159380834848,135.15,in_progress,0.0
51,9.0,3.1323710773300806,4.3556092433554525,142.85769375030077,-30.0,2.554790096654844,[-30.0 2.554790096654844],294.1465643986709,False,True,2.6859866343212246,68,17.709159380834848,135.216,in_progress,0.0
51,10.0,3.085040901174299,4.42597932544344,136.7368237952166,-3.4063998783761775,4.0,[-3.4063998783761775 4.0],350.0029604706789,False,True,3.100029604706789,69,17.709159380834848,135.287,in_progress,0.0
51,11.0,3.0361375287195314,4.5119125888467595,130.09291559212255,-4.538894980143347,3.103999793452409,[-4.538894980143347 3.103999793452409],380.2759514473661,False,True,3.49235953512842,69,17.709159380834848,135.352,in_progress,0.0
51,12.0,2.9798263195831454,4.605328488577722,126.05596174922843,-30.0,3.978391274277094,[-30.0 3.978391274277094],430.45464075051353,False,True,3.906707280077426,69,17.709159380834848,135.421,in_progress,0.0
51,13.0,2.920904915435623,4.722411461941724,121.4686879707738,-24.267775621740768,2.2677678326565167,[-24.267775621740768 2.2677678326565167],458.82391364434767,False,True,4.361462353177825,70,17.709159380834848,135.486,in_progress,0.0
51,14.0,2.8842379350696503,4.841096128418581,114.28115840624159,-4.053651277696819,3.2800410191993907,[-4.053651277696819 3.2800410191993907],480.8382386308059,False,True,4.48037828438812,70,17.709159380834848,135.543,in_progress,0.0
51,15.0,2.8463231460016583,4.989193620372808,108.21746120048802,23.531240805448434,3.2032152457018714,[23.531240805448434 3.2032152457018714],0.0,False,False,4.48037828438812,70,17.709159380834848,135.621,in_progress,0.0
51,16.0,2.802518127483273,5.132506881687428,105.93102044815892,-30.0,1.4412096826866294,[-30.0 1.4412096826866294],0.0,True,False,4.605346731808013,70,17.709159380834848,135.687,off_track,0.0
52,1.0,2.623045237487498,4.497973841894649,179.036614428944,18.350351529532816,1.431514452466906,[18.350351529532816 1.431514452466906],0.0,False,True,0.7904950671240751,72,17.709159380834848,135.818,prepare,0.0
52,2.0,2.623036002067175,4.497829514428474,179.0787557474805,-21.13835066260506,2.521863495966509,[-21.13835066260506 2.521863495966509],104.27319498182325,False,True,0.7905456002215816,72,17.709159380834848,135.883,in_progress,0.0
52,3.0,2.6167331058782364,4.494896512047136,179.89269850632093,-30.0,1.0354740280957326,[-30.0 1.0354740280957326],92.9651231121104,False,True,0.8261038283115307,72,17.709159380834848,135.949,in_progress,0.0
52,4.0,2.5958813736216713,4.509926665259554,176.84311594342756,9.207371263021514,3.1222848791691318,[9.207371263021514 3.1222848791691318],125.62459778985877,False,True,0.9440174899816745,72,17.709159380834848,136.018,in_progress,0.0
52,5.0,2.565678853052561,4.523086577094552,174.31911676108243,30.0,4.0,[30.0 4.0],151.47120783876696,False,True,1.1147120783876696,72,17.709159380834848,136.082,in_progress,0.0
52,6.0,2.5204267300737024,4.519613231655446,176.26352319191798,23.291851258689974,4.0,[23.291851258689974 4.0],177.02021335984858,False,True,1.370202133598486,73,17.709159380834848,136.154,in_progress,0.0
52,7.0,2.4624154018187814,4.4971731394034,-177.66463596995519,-15.316008780198553,1.0,[-15.316008780198553 1.0],179.75281280386056,False,True,1.6975281280386056,73,17.709159380834848,136.212,in_progress,0.0
52,8.0,2.399518581783149,4.480376900849663,-173.99483876902488,-8.532349355536759,4.0,[-8.532349355536759 4.0],245.62573141226227,False,True,2.0562573141226226,73,17.709159380834848,136.276,in_progress,0.0
52,9.0,2.3229964852176876,4.477255998762192,-175.1486466086749,30.0,3.6383971494925023,[30.0 3.6383971494925023],285.25573485957034,False,True,2.4887176336464534,74,17.709159380834848,136.352,in_progress,0.0
52,10.0,2.2131103439817865,4.467229559816917,-174.82668914374943,-14.765926814064011,3.6231150251931172,[-14.765926814064011 3.6231150251931172],347.27645556394884,False,True,3.110453053120177,75,17.709159380834848,136.413,in_progress,0.0
52,11.0,2.1377176028798894,4.451828741153045,-173.02892693963904,-13.975396774797815,1.5008543468154971,[-13.975396774797815 1.5008543468154971],368.7643693019919,False,True,3.537558258338369,75,17.709159380834848,136.481,in_progress,0.0
52,12.0,2.034785311826488,4.450206428497389,-175.0819843464224,-25.586300157046917,3.25289277989783,[-25.586300157046917 3.25289277989783],444.4120095878547,False,True,4.118830817888764,76,17.709159380834848,136.547,in_progress,0.0
52,13.0,1.9314366489837913,4.455657148335876,-178.2495293589367,30.0,4.0,[30.0 4.0],510.14055902369955,False,True,4.701405590236996,76,17.709159380834848,136.618,in_progress,0.0
52,14.0,1.8128305794937596,4.462091622112634,179.78193781825587,-30.0,1.0,[-30.0 1.0],547.0436197239991,False,True,5.370436197239991,77,17.709159380834848,136.688,in_progress,0.0
52,15.0,1.6888280015119195,4.460896095873365,-179.9178879516155,-30.0,3.6024070006491513,[-30.0 3.6024070006491513],643.1390370552745,False,True,6.07114967048783,78,17.709159380834848,136.763,in_progress,0.0
52,16.0,1.5482441661606727,4.474226665335286,177.2702425359642,1.9450145095348184,1.3148742253765262,[1.9450145095348184 1.3148742253765262],699.2717487726547,False,True,6.861230065188895,79,17.709159380834848,136.814,in_progress,0.0
52,17.0,1.4075183927080044,4.496541014795478,174.01064561421921,30.0,4.0,[30.0 4.0],804.4219279691855,False,True,7.644219279691855,80,17.709159380834848,136.885,in_progress,0.0
52,18.0,1.346058063291116,4.502317273622054,174.49889089830114,30.0,4.0,[30.0 4.0],833.1386503471439,False,True,7.931386503471439,80,17.709159380834848,136.948,in_progress,0.0
52,19.0,1.2249869583183808,4.491555960589095,179.24609626152008,-30.0,3.454056928333091,[-30.0 3.454056928333091],895.2008373787577,False,True,8.606602680954268,81,17.709159380834848,137.013,in_progress,0.0
52,20.0,1.1040509781981875,4.476585007619981,-177.491869796895,-5.168460724060427,3.148349781994594,[-5.168460724060427 3.148349781994594],945.7953672804739,False,True,9.14311869460528,82,17.709159380834848,137.075,in_progress,0.0
52,21.0,0.9684620435235359,4.477295480522791,-178.8912392007528,3.421030974416908,4.0,[3.421030974416908 4.0],1002.2287911490691,False,True,9.622287911490691,82,17.709159380834848,137.143,in_progress,0.0
52,22.0,0.8138867905500131,4.483496158113443,179.271732000118,22.498126972984316,3.5911823499283484,[22.498126972984316 3.5911823499283484],1063.5834303908914,False,True,10.27671606891608,83,17.709159380834848,137.216,in_progress,0.0
52,23.0,0.6308902969889357,4.480919074103394,-179.59259393804743,30.0,3.5059628149739224,[30.0 3.5059628149739224],0.0,False,False,10.740693120469501,83,17.709159380834848,137.286,in_progress,0.0
52,24.0,0.44608398084433065,4.456474346771986,-175.0910814336324,-30.0,3.563316823237822,[-30.0 3.563316823237822],0.0,False,False,11.182856350201554,84,17.709159380834848,137.349,in_progress,0.0
52,25.0,0.23626598700208556,4.428159570105122,-173.4785572701977,10.747917078827683,2.284179018595604,[10.747917078827683 2.284179018595604],0.0,True,False,11.877183192632913,85,17.709159380834848,137.418,off_track,0.0
53,1.0,1.737562831010251,4.4769851032725505,-178.43405555761305,29.29266272986097,4.0,[29.29266272986097 4.0],0.0,False,True,0.7924680126053074,78,17.709159380834848,137.547,prepare,0.0
53,2.0,1.737903177459987,4.4770115602473215,-178.43605380624246,-0.9309191154491856,3.07765602008104,[-0.9309191154491856 3.07765602008104],109.83078794354901,False,True,0.7905422774273863,78,17.709159380834848,137.616,in_progress,0.0
53,3.0,1.7307893165963133,4.477228284840511,-178.68692471203957,5.013087853580892,1.1453329443376095,[5.013087853580892 1.1453329443376095],94.51842669579548,False,True,0.830650972524194,78,17.709159380834848,137.683,in_progress,0.0
53,4.0,1.708269411012854,4.478314237913549,-179.17240765254954,-30.0,1.876568400580412,[-30.0 1.876568400580412],114.52032833396395,False,True,0.9575464432815983,78,17.709159380834848,137.752,in_progress,0.0
53,5.0,1.6747212326540029,4.490061677010111,177.787506194102,30.0,2.6970686845704828,[30.0 2.6970686845704828],141.36734632379913,False,True,1.143966594780943,78,17.709159380834848,137.821,in_progress,0.0
53,6.0,1.628361073040949,4.5016566779229885,175.69741672449442,-30.0,1.0,[-30.0 1.0],150.28384739462552,False,True,1.4028384739462552,78,17.709159380834848,137.888,in_progress,0.0
53,7.0,1.5788358067495423,4.507608813097218,175.33892445218135,25.900767917369222,1.0742019150585913,[25.900767917369222 1.0742019150585913],178.8298687039803,False,True,1.680878495533944,79,17.709159380834848,137.953,in_progress,0.0
53,8.0,1.5256069644747394,4.521878192899048,172.98757676209232,-24.676560391262875,3.528620814576647,[-24.676560391262875 3.528620814576647],232.18530871423818,False,True,1.968991005684717,79,17.709159380834848,138.037,in_progress,0.0
53,9.0,1.4449923052135363,4.543903942600575,169.88988410534319,18.040441700655393,4.0,[18.040441700655393 4.0],281.43390047414834,False,True,2.4143390047414837,80,17.709159380834848,138.096,in_progress,0.0
53,10.0,1.3843233929604644,4.570040594834975,165.92115535242826,16.554799642289588,2.0489285052804176,[16.554799642289588 2.0489285052804176],295.0597378868062,False,True,2.7457045283400205,80,17.709159380834848,138.154,in_progress,0.0
53,11.0,1.3067061002081894,4.58482761675141,166.3590086950191,4.096879668704666,1.9262467479922818,[4.096879668704666 1.9262467479922818],321.43608816535146,False,True,3.0217362068542863,80,17.709159380834848,138.215,in_progress,0.0
53,12.0,1.1911170725775182,4.595955394237888,169.81636944301334,30.0,2.0597940687295226,[30.0 2.0597940687295226],382.23152107824956,False,True,3.616335803909543,81,17.709159380834848,138.279,in_progress,0.0
53,13.0,1.04611188700988,4.590169589518438,176.2280647592863,-30.0,2.611519740664492,[-30.0 2.611519740664492],437.726611815314,False,True,4.116114144086691,82,17.709159380834848,138.348,in_progress,0.0
53,14.0,0.9892234666932059,4.582298356594312,178.76023082745493,30.0,3.8882760986576814,[30.0 3.8882760986576814],480.7091512228885,False,True,4.418263902363117,82,17.709159380834848,138.419,in_progress,0.0
53,15.0,0.8527776230740401,4.568540914353982,-176.06046551100155,-6.571282849670769,2.193934217105907,[-6.571282849670769 2.193934217105907],502.2463453545069,False,True,4.803070031834478,82,17.709159380834848,138.486,in_progress,0.0
53,16.0,0.7166346538340587,4.550205382573742,-171.74090181980603,11.47772103954673,3.0617807668326043,[11.47772103954673 3.0617807668326043],0.0,False,False,5.3085782326595226,83,17.709159380834848,138.554,in_progress,0.0
53,17.0,0.5755595051016466,4.530594561110002,-171.0703827227722,30.0,3.4408843839728633,[30.0 3.4408843839728633],0.0,False,False,5.744344352430164,83,17.709159380834848,138.615,in_progress,0.0
53,18.0,0.4037214140090783,4.479907195404659,-166.33311184455675,30.0,2.445532057490535,[30.0 2.445532057490535],0.0,True,False,6.182856350201549,84,17.709159380834848,138.685,off_track,0.0
54,1.0,0.9303731014202304,4.196556345386185,-140.7900080245149,-30.0,3.387705651287833,[-30.0 3.387705651287833],0.0,False,True,0.785505456962643,84,17.709159380834848,138.81,prepare,0.0
54,2.0,0.9303516084952953,4.196605505087847,-140.8142530952793,-30.0,3.210627452104895,[-30.0 3.210627452104895],110.64451229423699,False,True,0.7853823777318802,84,17.709159380834848,138.878,in_progress,0.0
54,3.0,0.9252331783350571,4.189158697403669,-140.11587283100093,30.0,3.2597493617180313,[30.0 3.2597493617180313],116.18970900385892,False,True,0.835922153866786,84,17.709159380834848,138.953,in_progress,0.0
54,4.0,0.9127319994646929,4.170723118999111,-138.50585080638103,30.0,3.466937940756276,[30.0 3.466937940756276],130.70857898592436,False,True,0.960391995783616,84,17.709159380834848,139.018,in_progress,0.0
54,5.0,0.9017842307016881,4.13678704713656,-134.0885181969323,-7.139091714331077,1.577271034185208,[-7.139091714331077 1.577271034185208],130.1292046821984,False,True,1.1435649434034634,84,17.709159380834848,139.08,in_progress,0.0
54,6.0,0.8721259305335946,4.081584415300353,-130.11854053035324,11.791697920883642,2.150180086467135,[11.791697920883642 2.150180086467135],171.68882257258844,False,True,1.501870217079171,84,17.709159380834848,139.154,in_progress,0.0
54,7.0,0.850402811932161,4.048410874164392,-128.9484028927587,3.8294854187383294,1.3855345224718507,[3.8294854187383294 1.3855345224718507],186.43232900125304,False,True,1.7257698377653452,85,17.709159380834848,139.215,in_progress,0.0
54,8.0,0.8247028679165838,3.9871026099175557,-124.7387821463688,0.30961433528534954,3.1581172623578424,[0.30961433528534954 3.1581172623578424],243.73524988402974,False,True,2.1215407726045132,85,17.709159380834848,139.282,in_progress,0.0
54,9.0,0.7936149426592792,3.9063157777823028,-120.09415371704452,1.0119210694575713,1.9299916918495135,[1.0119210694575713 1.9299916918495135],280.2940165839665,False,True,2.609940996654714,86,17.709159380834848,139.347,in_progress,0.0
54,10.0,0.7634099775443629,3.8110999152311065,-115.40370691739557,6.577470878614044,1.235065056290774,[6.577470878614044 1.235065056290774],333.25023317185554,False,True,3.208995826089478,86,17.709159380834848,139.419,in_progress,0.0
54,11.0,0.7441869405849492,3.7304711543239533,-111.62183338678307,4.960451658926559,4.0,[4.960451658926559 4.0],407.695385105874,False,True,3.6769538510587396,87,17.709159380834848,139.485,in_progress,0.0
54,12.0,0.7230815067790739,3.635817968726636,-108.32814401725595,19.28575103270346,3.447910905293174,[19.28575103270346 3.447910905293174],458.8519354115372,False,True,4.243728263586055,88,17.709159380834848,139.553,in_progress,0.0
54,13.0,0.7100221330076708,3.506928300775296,-102.29659482272092,-30.0,4.0,[-30.0 4.0],537.5566565371148,False,True,4.975566565371148,88,17.709159380834848,139.61,in_progress,0.0
54,14.0,0.6941596049583748,3.386057565395059,-100.00622735584983,-7.605215163718569,3.028531442382442,[-7.605215163718569 3.028531442382442],594.2547690142283,False,True,5.639694545904039,89,17.709159380834848,139.682,in_progress,0.0
54,15.0,0.6555227703980753,3.254115024342425,-103.09068446307494,30.0,1.0432498579796965,[30.0 1.0432498579796965],640.5585165119702,False,True,6.301260179321733,90,17.709159380834848,139.739,in_progress,0.0
54,16.0,0.6144330821249728,3.1017840021300502,-105.09453332581752,-13.659458430304806,4.0,[-13.659458430304806 4.0],748.2264470001121,False,True,7.082264470001121,91,17.709159380834848,139.82,in_progress,0.0
54,17.0,0.5922788516889166,3.0113656209996016,-105.54300674006325,-30.0,2.2702698544312803,[-30.0 2.2702698544312803],773.5012900759147,False,True,7.507985915316018,91,17.709159380834848,139.887,in_progress,0.0
54,18.0,0.5418322658310836,2.8857736568058066,-108.71275987485708,-25.853753432203362,3.450778397072554,[-25.853753432203362 3.450778397072554],850.5294485465146,False,True,8.16021664575789,92,17.709159380834848,139.954,in_progress,0.0
54,19.0,0.47797759483159474,2.765751662895216,-113.1740182414894,-6.291258853405889,4.0,[-6.291258853405889 4.0],0.0,False,False,8.730106710873464,93,17.709159380834848,140.007,in_progress,0.0
54,20.0,0.3948556599135022,2.640476325768373,-119.14471142393282,3.5037319557439446,2.5793125920145705,[3.5037319557439446 2.5793125920145705],0.0,False,False,9.382109906133017,94,17.709159380834848,140.079,in_progress,0.0
54,21.0,0.3037782204282432,2.5100239992465783,-123.78782061712714,5.1416034574823755,3.839430029493646,[5.1416034574823755 3.839430029493646],0.0,True,False,10.032925029087425,94,17.709159380834848,140.151,off_track,0.0
55,1.0,0.7181007156908201,3.362520308743927,-87.03576316602388,-9.62079372964783,2.4338788202532746,[-9.62079372964783 2.4338788202532746],0.0,False,True,0.7907670592516847,89,17.709159380834848,140.287,prepare,0.0
55,2.0,0.7180821909870871,3.362825209256963,-87.04823796134707,5.6877756972108315,1.8727198231564033,[5.6877756972108315 1.8727198231564033],97.6320313337598,False,True,0.7890483310219576,89,17.709159380834848,140.355,in_progress,0.0
55,3.0,0.7161663466132764,3.35481393404841,-87.68787994208999,-30.0,1.415737047168738,[-30.0 1.415737047168738],97.38186688150793,False,True,0.8322449640982055,89,17.709159380834848,140.423,in_progress,0.0
55,4.0,0.7111099712882673,3.334122008457241,-88.99731533390555,25.619429225747695,4.0,[25.619429225747695 4.0],134.37271354836406,False,True,0.9437271354836407,90,17.709159380834848,140.484,in_progress,0.0
55,5.0,0.6968410770591992,3.297815239520318,-91.79436359422137,-30.0,2.4094199838043027,[-30.0 2.4094199838043027],137.58701488082465,False,True,1.1349281504278164,90,17.709159380834848,140.552,in_progress,0.0
55,6.0,0.6881984014103268,3.2568219652193413,-93.45590285367285,-30.0,1.2601684376581603,[-30.0 1.2601684376581603],145.60204596324533,False,True,1.3300036158666373,90,17.709159380834848,140.613,in_progress,0.0
55,7.0,0.6514952997076442,3.2021293163085094,-101.08059591926505,0.3527011864088365,2.3545674702993264,[0.3527011864088365 2.3545674702993264],181.65843276632896,False,True,1.581127580633357,90,17.709159380834848,140.681,in_progress,0.0
55,8.0,0.61568718882548,3.1481476008559146,-106.78037573584773,-30.0,3.34576411601385,[-30.0 3.34576411601385],216.41212355221663,False,True,1.8295448239207812,91,17.709159380834848,140.751,in_progress,0.0
55,9.0,0.5752548710627589,3.0838888906590167,-111.5246783626912,-28.147356742365712,4.0,[-28.147356742365712 4.0],252.81813449780196,False,True,2.1281813449780196,91,17.709159380834848,140.823,in_progress,0.0
55,10.0,0.5046636231622033,3.0140203084370194,-120.41411174786006,30.0,1.550779483299001,[30.0 1.550779483299001],251.4761214937826,False,True,2.359683266607926,91,17.709159380834848,140.883,in_progress,0.0
55,11.0,0.42765349231504346,2.9516849826409963,-129.90448258700278,30.0,4.0,[30.0 4.0],298.08798081332185,False,True,2.5808798081332185,92,17.709159380834848,140.95,in_progress,0.0
55,12.0,0.36401960532578836,2.884316928661415,-132.05284083651165,-19.698419412627416,3.390103779500651,[-19.698419412627416 3.390103779500651],0.0,False,False,2.8498731773048958,92,17.709159380834848,141.017,in_progress,0.0
55,13.0,0.28664247372884594,2.8026151872163574,-132.91010687486082,30.0,3.0932562111914996,[30.0 3.0932562111914996],0.0,False,False,3.2658042655701935,92,17.709159380834848,141.079,in_progress,0.0
55,14.0,0.1998337093218437,2.7101934291656096,-132.96675363717623,30.0,3.1423338582634797,[30.0 3.1423338582634797],0.0,True,False,3.653030394233159,93,17.709159380834848,141.15,off_track,0.0
56,1.0,0.9214327492776634,2.5007069661042576,-78.25257910064636,-9.110414083375677,4.0,[-9.110414083375677 4.0],0.0,False,True,0.7912999694485223,95,17.709159380834848,141.283,prepare,0.0
56,2.0,0.9211962625833426,2.5007933490945184,-78.30704819935745,-5.650158313099507,4.0,[-5.650158313099507 4.0],119.05513493415839,False,True,0.7905513493415839,95,17.709159380834848,141.354,in_progress,0.0
56,3.0,0.9272863048713702,2.492269400484364,-77.41694075356486,-23.23715909967369,1.5189845998276055,[-23.23715909967369 1.5189845998276055],99.65597429566736,False,True,0.8446612829739131,95,17.709159380834848,141.417,in_progress,0.0
56,4.0,0.9280298454455357,2.4686452290675134,-78.37662597387099,21.902569009386326,2.5356693185097283,[21.902569009386326 2.5356693185097283],122.97056322309754,False,True,0.9761387003800026,96,17.709159380834848,141.481,in_progress,0.0
56,5.0,0.9380145584768869,2.4261136128051377,-77.99890446950825,30.0,1.5626582058091523,[30.0 1.5626582058091523],137.90162316896127,False,True,1.2227504111086973,96,17.709159380834848,141.552,in_progress,0.0
56,6.0,0.9812334866694508,2.371879771501196,-70.8777599635931,-4.4262168870644985,1.0,[-4.4262168870644985 1.0],167.2138865412509,False,True,1.572138865412509,96,17.709159380834848,141.621,in_progress,0.0
56,7.0,1.016294761798525,2.335231925153062,-65.82446685175996,30.0,4.0,[30.0 4.0],221.4943125909163,False,True,1.814943125909163,97,17.709159380834848,141.684,in_progress,0.0
56,8.0,1.056307567586953,2.2884082751003483,-61.24121970984801,-30.0,3.2881734818802837,[-30.0 3.2881734818802837],244.85028236200932,False,True,2.119685475432065,97,17.709159380834848,141.75,in_progress,0.0
56,9.0,1.1104569294808744,2.2283092328246163,-56.913774121699404,-30.0,4.0,[-30.0 4.0],291.404761202757,False,True,2.51404761202757,97,17.709159380834848,141.818,in_progress,0.0
56,10.0,1.1562314542135943,2.144923177655584,-58.442262312918075,30.0,3.7376938026928936,[30.0 3.7376938026928936],340.133151309227,False,True,3.0275621328229807,98,17.709159380834848,141.876,in_progress,0.0
56,11.0,1.2002190507584847,2.056202462293422,-60.01550350810693,-22.88765399979564,2.9277203652495003,[-22.88765399979564 2.9277203652495003],386.1333257302583,False,True,3.568561220777633,99,17.709159380834848,141.947,in_progress,0.0
56,12.0,1.256680938701335,1.9620594740207518,-59.840813771493494,5.2904196604751235,4.0,[5.2904196604751235 4.0],455.34341282789103,False,True,4.15343412827891,99,17.709159380834848,142.019,in_progress,0.0
56,13.0,1.3162803769273954,1.849531981916724,-60.69883651364726,5.234062048395678,1.0,[5.234062048395678 1.0],494.4631692062295,False,True,4.844631692062295,100,17.709159380834848,142.089,in_progress,0.0
56,14.0,1.385897706590855,1.7510704603031138,-58.044755553853015,27.879707283665454,1.5543989271841925,[27.879707283665454 1.5543989271841925],562.4332406009332,False,True,5.468892513290912,101,17.709159380834848,142.152,in_progress,0.0
56,15.0,1.4593805272799125,1.660379597078124,-55.07870992188074,-10.26539980755043,1.0,[-10.26539980755043 1.0],0.0,False,False,6.059538241355322,102,17.709159380834848,142.223,in_progress,0.0
56,16.0,1.5296227925183155,1.569191729359632,-53.84762091692543,20.212011944034494,3.6391945997064714,[20.212011944034494 3.6391945997064714],0.0,False,False,6.659866982735229,102,17.709159380834848,142.285,in_progress,0.0
56,17.0,1.5897119536918776,1.4829823918708078,-54.060607553453444,-15.179924215877643,2.967770823822701,[-15.179924215877643 2.967770823822701],0.0,False,False,7.207516266880165,103,17.709159380834848,142.355,in_progress,0.0
56,18.0,1.6622739380999758,1.3818667271033218,-54.352630903296664,-2.965665172858312,1.7387828583308305,[-2.965665172858312 1.7387828583308305],0.0,False,False,8.290547789674163,104,17.709159380834848,142.421,in_progress,0.0
56,19.0,1.721728632692282,1.2779722997662724,-56.966469505190624,30.0,3.156193500238218,[30.0 3.156193500238218],0.0,False,False,9.658635720135035,106,17.709159380834848,142.484,in_progress,0.0
56,20.0,1.7938228302711738,1.1703651563523123,-56.21526850702846,-24.540859643206225,3.085885819971828,[-24.540859643206225 3.085885819971828],0.0,True,False,12.020532015449836,109,17.709159380834848,142.553,off_track,0.0
57,1.0,1.1009226561105347,1.633582695808447,-78.31169703926518,6.340855973443119,2.6130536974359106,[6.340855973443119 2.6130536974359106],0.0,False,True,0.7915715431576986,101,17.709159380834848,142.687,prepare,0.0
57,2.0,1.100875049211882,1.6337574039001486,-78.27851755465018,16.23793722766385,4.0,[16.23793722766385 4.0],119.05508113053128,False,True,0.7905508113053128,101,17.709159380834848,142.752,in_progress,0.0
57,3.0,1.1021323222551294,1.6292659609313072,-78.2684085518599,3.66545227424929,1.7725867684844523,[3.66545227424929 1.7725867684844523],99.40894848144521,False,True,0.8168308079660069,101,17.709159380834848,142.815,in_progress,0.0
57,4.0,1.1078867554305403,1.613847638119205,-77.45224438300727,30.0,2.262230711165043,[30.0 2.262230711165043],113.49379786480425,False,True,0.9087149075315382,101,17.709159380834848,142.886,in_progress,0.0
57,5.0,1.126694122647161,1.5850328479455622,-74.51014934723715,-30.0,1.5726973042900305,[-30.0 1.5726973042900305],124.70507859442628,False,True,1.0897810555152598,102,17.709159380834848,142.954,in_progress,0.0
57,6.0,1.1458565623252344,1.5492571517537788,-72.26843699164023,30.0,2.689792176313789,[30.0 2.689792176313789],157.87060606680416,False,True,1.3097268430366626,102,17.709159380834848,143.018,in_progress,0.0
57,7.0,1.1641796459398925,1.5057644017388148,-70.97307641939737,-19.3115450043396,2.140856053907825,[-19.3115450043396 2.140856053907825],178.67304196132284,False,True,1.5726448142224458,102,17.709159380834848,143.088,in_progress,0.0
57,8.0,1.186940086774172,1.4509027740160287,-70.14987468968003,-6.919109007890864,2.7455393521546716,[-6.919109007890864 2.7455393521546716],217.71896472609978,False,True,1.9026357120455306,103,17.709159380834848,143.146,in_progress,0.0
57,9.0,1.2003176619525717,1.3730358864151775,-73.26164399262261,22.162159286434246,4.0,[22.162159286434246 4.0],276.4856138870153,False,True,2.364856138870153,103,17.709159380834848,143.21,in_progress,0.0
57,10.0,1.2130582002121504,1.3014947483161154,-75.15500833762646,22.805791666097747,4.0,[22.805791666097747 4.0],317.28735030480675,False,True,2.772873503048068,104,17.709159380834848,143.281,in_progress,0.0
57,11.0,1.2485822395360275,1.2080405448186942,-72.93083963509143,-25.895707856803046,1.0739031261434369,[-25.895707856803046 1.0739031261434369],346.35578671035637,False,True,3.35616755448922,104,17.709159380834848,143.35,in_progress,0.0
57,12.0,1.2890339612040027,1.1239611226930093,-68.79651026605495,12.450847081593963,3.2448953430619936,[12.450847081593963 3.2448953430619936],420.59847602626326,False,True,3.881495225956433,105,17.709159380834848,143.422,in_progress,0.0
57,13.0,1.3302673016723963,1.0372161606398818,-66.975185480023,-23.588255008360363,2.603259312223432,[-23.588255008360363 2.603259312223432],474.3309282145008,False,True,4.482983350922664,106,17.709159380834848,143.475,in_progress,0.0
57,14.0,1.374123611361166,0.9467239079828037,-65.93899514949621,-13.236710907839097,4.0,[-13.236710907839097 4.0],545.2066878020601,False,True,5.0520668780206,106,17.709159380834848,143.548,in_progress,0.0
57,15.0,1.4124945287153414,0.8326783344669249,-68.39637499548431,-30.0,1.1386413594806444,[-30.0 1.1386413594806444],578.8890964283337,False,True,5.675026828335272,107,17.709159380834848,143.618,in_progress,0.0
57,16.0,1.436918291639967,0.7262243156180894,-72.03777572095407,-1.3309090905772045,2.802832070973915,[-1.3309090905772045 2.802832070973915],628.8481801104067,False,True,6.008198594006675,107,17.709159380834848,143.683,in_progress,0.0
57,17.0,1.462269774762067,0.6053698459127315,-74.61056544697848,30.0,1.7804019326636704,[30.0 1.7804019326636704],663.1611456913229,False,True,6.453571263646863,108,17.709159380834848,143.748,in_progress,0.0
57,18.0,1.5050854631208226,0.473976130802918,-73.49003440004603,-7.944329651459093,2.1186191147670845,[-7.944329651459093 2.1186191147670845],693.9576562912254,False,True,6.727714651435546,108,17.709159380834848,143.818,in_progress,0.0
57,19.0,1.5441088345189378,0.35945894405452716,-72.57918720550038,30.0,4.0,[30.0 4.0],0.0,False,False,7.142588472761668,109,17.709159380834848,143.885,in_progress,0.0
57,20.0,1.5878530719213495,0.23265154106024794,-71.74084651484944,-4.344848407999695,2.3061222037298017,[-4.344848407999695 2.3061222037298017],0.0,False,False,7.371672261628648,109,17.709159380834848,143.956,in_progress,0.0
57,21.0,1.6450591121194857,0.09679355904484366,-68.69953120772888,-8.576985924536501,2.914193993120703,[-8.576985924536501 2.914193993120703],0.0,True,False,7.7359593413946826,109,17.709159380834848,144.016,off_track,0.0
58,1.0,1.4532428626195557,0.8418961692727174,-47.81733044452143,-10.032269312024656,1.0,[-10.032269312024656 1.0],0.0,False,True,0.7845767781764823,107,17.709159380834848,144.144,prepare,0.0
58,2.0,1.453058105490812,0.8417807830286794,-47.87258526991535,-1.7179567412444037,1.0,[-1.7179567412444037 1.0],88.39586981401747,False,True,0.7839586981401747,107,17.709159380834848,144.221,in_progress,0.0
58,3.0,1.4544855464112203,0.8409248197289756,-47.75658879166164,-12.176139937608976,2.3220719412787876,[-12.176139937608976 2.3220719412787876],102.55507229680524,False,True,0.7933435288401736,107,17.709159380834848,144.282,in_progress,0.0
58,4.0,1.467470735625209,0.8238164167441757,-48.21620322718097,30.0,1.0,[30.0 1.0],100.33055497453813,False,True,0.9033055497453812,107,17.709159380834848,144.346,in_progress,0.0
58,5.0,1.4751821094417026,0.8137094935891199,-48.67224489226331,30.0,1.0,[30.0 1.0],106.84675426764989,False,True,0.9684675426764988,107,17.709159380834848,144.425,in_progress,0.0
58,6.0,1.506957733308123,0.7922807299584342,-46.38216157247993,-20.45373486602177,1.4796074839334177,[-20.45373486602177 1.4796074839334177],133.16035502902642,False,True,1.1836428018969225,108,17.709159380834848,144.495,in_progress,0.0
58,7.0,1.5461956253474807,0.7705284687551278,-43.25184037023183,30.0,1.7112566049736566,[30.0 1.7112566049736566],160.80546058685619,False,True,1.4369289453711964,108,17.709159380834848,144.552,in_progress,0.0
58,8.0,1.5935305203427572,0.7388968900917897,-41.113343772954835,-0.10058351316016356,1.0,[-0.10058351316016356 1.0],182.45806104807303,False,True,1.7245806104807304,108,17.709159380834848,144.617,in_progress,0.0
58,9.0,1.6423841119155538,0.7079317412789543,-39.09496686665851,14.948609108873534,2.9713562510257043,[14.948609108873534 2.9713562510257043],233.8911798651363,False,True,2.0417761735487927,109,17.709159380834848,144.681,in_progress,0.0
58,10.0,1.7077209565626064,0.6606002681859675,-38.081576132484905,6.780305590574656,1.0,[6.780305590574656 1.0],252.59873091951766,False,True,2.4259873091951767,109,17.709159380834848,144.751,in_progress,0.0
58,11.0,1.7666909945853324,0.6233690779878378,-36.66046504435896,7.682282544779895,2.071080944658502,[7.682282544779895 2.071080944658502],300.22702405989736,False,True,2.7951621461331233,109,17.709159380834848,144.825,in_progress,0.0
58,12.0,1.840793909495366,0.5806538951990762,-34.48520923090235,-29.61537741547619,2.437266299795022,[-29.61537741547619 2.437266299795022],347.0894755454835,False,True,3.2271681254753326,110,17.709159380834848,144.885,in_progress,0.0
58,13.0,1.909958283047114,0.535322345979788,-34.13413591182162,30.0,3.3497422011178175,[30.0 3.3497422011178175],396.539177688142,False,True,3.6304175567696384,110,17.709159380834848,144.954,in_progress,0.0
58,14.0,2.0006985135220767,0.4719534076528258,-33.57511218702589,-30.0,1.6353675281133937,[-30.0 1.6353675281133937],427.7656551977932,False,True,4.114119799166593,111,17.709159380834848,145.023,in_progress,0.0
58,15.0,2.0913949342084015,0.41893272317894287,-31.926588392597562,-30.0,3.0270294999998137,[-30.0 3.0270294999998137],495.1579639047314,False,True,4.6488766890473325,112,17.709159380834848,145.086,in_progress,0.0
58,16.0,2.1848274672282355,0.34917897771039225,-34.05511423656939,-0.6706556860647694,4.0,[-0.6706556860647694 4.0],549.3667843386962,False,True,5.093667843386962,112,17.709159380834848,145.152,in_progress,0.0
58,17.0,2.2770136228039566,0.27908728593733584,-35.192594229616205,25.46940544907065,4.0,[25.46940544907065 4.0],0.0,False,False,5.621754487202402,113,17.709159380834848,145.218,in_progress,0.0
58,18.0,2.4046524425542266,0.20621402038691822,-32.304482188772624,30.0,1.0,[30.0 1.0],0.0,False,False,6.207349114638571,114,17.709159380834848,145.275,in_progress,0.0
58,19.0,2.5271258349971624,0.15809065302870123,-25.982829260027444,-2.460171728598418,1.9358827146176851,[-2.460171728598418 1.9358827146176851],0.0,False,False,6.8995543382240125,114,17.709159380834848,145.351,in_progress,0.0
58,20.0,2.6418609237331605,0.1103752108004737,-24.459781158999597,-30.0,2.447792123606245,[-30.0 2.447792123606245],0.0,True,False,7.589708187428124,115,17.709159380834848,145.422,off_track,0.0
59,1.0,2.3147309327544034,0.6708083007313842,-1.1196561279827928,-27.015089434635534,4.0,[-27.015089434635534 4.0],0.0,False,True,0.792042363416634,113,17.709159380834848,145.552,prepare,0.0
59,2.0,2.314461313881166,0.6707960759928493,-1.1041583585924633,13.515323792187473,2.6232832546262097,[13.515323792187473 2.6232832546262097],105.2846721051678,False,True,0.7905183955890571,113,17.709159380834848,145.613,in_progress,0.0
59,3.0,2.323053830774961,0.6711083597136247,-1.039854156536158,30.0,1.5164465041216904,[30.0 1.5164465041216904],99.07152299787832,False,True,0.8390705795666142,113,17.709159380834848,145.675,in_progress,0.0
59,4.0,2.3453665300419546,0.6783668111889307,0.7200432716066965,30.0,1.7056155367222219,[30.0 1.7056155367222219],113.69892863014825,False,True,0.9664277326292603,113,17.709159380834848,145.748,in_progress,0.0
59,5.0,2.385179808247388,0.7025349105612017,6.281509395326819,10.93956420351757,4.0,[10.93956420351757 4.0],159.5899979250592,False,True,1.195899979250592,114,17.709159380834848,145.816,in_progress,0.0
59,6.0,2.427339184780117,0.7233124071443698,9.930597738216754,1.0024465981471593,1.8208627565481201,[1.0024465981471593 1.8208627565481201],162.0025767031062,False,True,1.43793949137625,114,17.709159380834848,145.883,in_progress,0.0
59,7.0,2.495515284197867,0.7415192196225789,11.268732385512067,-30.0,2.7819360696764446,[-30.0 2.7819360696764446],210.31756837343903,False,True,1.8249820767667457,114,17.709159380834848,145.95,in_progress,0.0
59,8.0,2.5597130558114944,0.7506814970634552,10.375475462939974,-8.886970106288228,1.4984921959256639,[-8.886970106288228 1.4984921959256639],233.87935554975408,False,True,2.1889443359049743,115,17.709159380834848,146.022,in_progress,0.0
59,9.0,2.6503963670854334,0.7457497613584883,5.5896282795732635,30.0,3.4531838609048777,[30.0 3.4531838609048777],303.9483319185355,False,True,2.694164933094867,115,17.709159380834848,146.075,in_progress,0.0
59,10.0,2.756402571047537,0.7410008928026328,2.6055578486454776,-30.0,2.0478224730672467,[-30.0 2.0478224730672467],349.7048386582948,False,True,3.292266139276223,116,17.709159380834848,146.151,in_progress,0.0
59,11.0,2.8502152108980616,0.7442907518504516,2.6902582653075595,3.5962973111743537,1.718992045120376,[3.5962973111743537 1.718992045120376],398.87228780365984,False,True,3.816823673524561,117,17.709159380834848,146.22,in_progress,0.0
59,12.0,2.960603224315674,0.7434506541936797,1.3548192265759107,5.607090119316723,1.450263532430775,[5.607090119316723 1.450263532430775],458.40300400939947,False,True,4.439003686850917,117,17.709159380834848,146.277,in_progress,0.0
59,13.0,3.0649621385830055,0.747353343758407,1.623467716212463,-14.884203205017826,1.0,[-14.884203205017826 1.0],513.0693404444194,False,True,5.030693404444193,0,17.709159380834848,146.348,in_progress,0.0
59,14.0,3.165884455608138,0.749675265978834,1.680776337934558,-19.29947890142936,3.644210526424353,[-19.29947890142936 3.644210526424353],596.5041156944374,False,True,5.600620104301939,1,17.709159380834848,146.417,in_progress,0.0
59,15.0,3.2594566260029922,0.7442047038344217,-0.26495793205126145,30.0,2.6091351367717692,[30.0 2.6091351367717692],638.9241169257442,False,True,6.128327655580264,1,17.709159380834848,146.484,in_progress,0.0
59,16.0,3.3851721572655555,0.7388645490057771,-1.4367299578839938,0.7989126647996407,3.9049367705218,[0.7989126647996407 3.9049367705218],722.8263907459211,False,True,6.837770230407031,2,17.709159380834848,146.55,in_progress,0.0
59,17.0,3.502484101879491,0.7409813317727948,-0.5040930637164799,-30.0,1.989008223325777,[-30.0 1.989008223325777],769.9110612876625,False,True,7.500209790544048,3,17.709159380834848,146.617,in_progress,0.0
59,18.0,3.6401999744108258,0.725456073777838,-3.383338622429957,30.0,1.0,[30.0 1.0],837.7874604107765,False,True,8.277874604107765,4,17.709159380834848,146.685,in_progress,0.0
59,19.0,3.783404391023523,0.6975762488195488,-7.770046624468736,30.0,1.3010651146598953,[30.0 1.3010651146598953],921.6563074610399,False,True,9.08645656314441,5,17.709159380834848,146.743,in_progress,0.0
59,20.0,3.887068970103657,0.6872555862284118,-7.102338412522648,8.019142329520385,1.0,[8.019142329520385 1.0],977.1806870057821,False,True,9.671806870057821,6,17.709159380834848,146.821,in_progress,0.0
59,21.0,3.9798813482988296,0.6877234728641745,-4.415940334622781,4.353489891365626,3.010998220249946,[4.353489891365626 3.010998220249946],1049.700008174382,False,True,10.195900259718826,6,17.709159380834848,146.89,in_progress,0.0
59,22.0,4.08009921032689,0.6912953091068214,-1.9734306399224673,23.726140884821255,3.0222430172472423,[23.726140884821255 3.0222430172472423],1106.4041299051728,False,True,10.761816997327003,7,17.709159380834848,146.953,in_progress,0.0
59,23.0,4.193693202685964,0.7063606374435861,2.1055243022118093,1.8812695901637646,2.15366044100843,[1.8812695901637646 2.15366044100843],1161.8655400366645,False,True,11.403289356265802,8,17.709159380834848,147.019,in_progress,0.0
59,24.0,4.319668734047368,0.727892207797185,5.693944349064782,-15.70444816625765,2.203304634771522,[-15.70444816625765 2.203304634771522],1233.5022300274743,False,True,12.11469183679759,8,17.709159380834848,147.087,in_progress,0.0
59,25.0,4.511279048420167,0.7415888860081983,4.415775038800112,-30.0,3.5068414755218296,[-30.0 3.5068414755218296],1354.7386671401252,False,True,13.19670252384907,10,17.709159380834848,147.152,in_progress,0.0
59,26.0,4.59105481905276,0.7394999722430147,2.5034760204244546,22.735440907248467,1.0,[22.735440907248467 1.0],1374.7179512785385,False,True,13.647179512785385,10,17.709159380834848,147.219,in_progress,0.0
59,27.0,4.723637150063872,0.7268785680637531,-2.4155050500284347,-30.0,3.9271954117919226,[-30.0 3.9271954117919226],1478.8542265457966,False,True,14.395822724278773,11,17.709159380834848,147.285,in_progress,0.0
59,28.0,4.861766799952851,0.7130026013944644,-4.8438188473405415,18.35551766668435,2.5765886280254597,[18.35551766668435 2.5765886280254597],1543.3441949488756,False,True,15.17578308668621,12,17.709159380834848,147.352,in_progress,0.0
59,29.0,5.002237819095628,0.6950465938950023,-6.370730410090005,-10.613386659478103,4.0,[-10.613386659478103 4.0],1636.895470662399,False,True,15.96895470662399,13,17.709159380834848,147.418,in_progress,0.0
59,30.0,5.136634624161179,0.6837599911443834,-5.773166140176864,30.0,1.7530942872476665,[30.0 1.7530942872476665],1690.315060760029,False,True,16.727841178875522,14,17.709159380834848,147.48,in_progress,0.0
59,31.0,5.287660834891942,0.6720979340448836,-4.957854579490101,12.010157597056427,3.8303071612806177,[12.010157597056427 3.8303071612806177],1796.3666151786144,False,True,17.58063543565808,15,17.709159380834848,147.544,in_progress,0.0
59,32.0,5.439991071110854,0.6687965189182625,-3.1307985535318634,8.418478471537853,3.9922727229791235,[8.418478471537853 3.9922727229791235],1884.0022034831738,False,True,18.440794762533827,16,17.709159380834848,147.615,in_progress,0.0
59,33.0,5.664319687502836,0.6833057362128392,1.702668926250204,26.327340948463153,1.0,[26.327340948463153 1.0],1980.7574155964394,False,True,19.707574155964394,17,17.709159380834848,147.688,in_progress,0.0
59,34.0,5.775655770250407,0.7017364285604706,6.02404731619668,-18.43662580936337,3.63602114026233,[-18.43662580936337 3.63602114026233],2069.941002059332,False,True,20.335807906567084,18,17.709159380834848,147.773,in_progress,0.0
59,35.0,5.976111888088266,0.7317550915333095,8.551954437383639,-15.196451596884547,1.5407160582313397,[-15.196451596884547 1.5407160582313397],2161.9990540950353,False,True,21.46591893512722,19,17.709159380834848,147.821,in_progress,0.0
59,36.0,6.102297852830887,0.739588606123731,6.493927895568002,28.071479192905777,1.0,[28.071479192905777 1.0],2228.8963509967025,False,True,22.188963509967024,20,17.709159380834848,147.883,in_progress,0.0
59,37.0,6.257428738398872,0.7466410990433121,4.326496187798698,-30.0,1.0,[-30.0 1.0],2318.42246790818,False,True,23.0842246790818,21,17.709159380834848,147.947,in_progress,0.0
59,38.0,6.408080687052135,0.7554294621569092,3.726784301330461,19.81080468854612,4.0,[19.81080468854612 4.0],2435.1347237942273,False,True,23.951347237942272,22,17.709159380834848,148.021,in_progress,0.0
59,39.0,6.543073875818883,0.7633328338599413,4.0893494204474425,13.844018743701156,1.9090040238876131,[13.844018743701156 1.9090040238876131],2494.1883640736974,False,True,24.750983238348212,23,17.709159380834848,148.091,in_progress,0.0
59,40.0,6.697183228528048,0.7913435128563747,7.590773586194511,8.530736420678018,2.471107716644462,[8.530736420678018 2.471107716644462],2587.078312706499,False,True,25.623672355400544,24,17.709159380834848,148.149,in_progress,0.0
59,41.0,6.8323706177397385,0.8263703371356592,10.988055071116436,30.0,1.1606770475908423,[30.0 1.1606770475908423],2648.0047394066996,False,True,26.36397968930791,25,17.709159380834848,148.207,in_progress,0.0
59,42.0,6.95805872644244,0.8679331082494339,14.65646401651376,-10.896364098017383,2.6868217217548254,[-10.896364098017383 2.6868217217548254],2729.1638123113453,False,True,27.02295595093797,26,17.709159380834848,148.282,in_progress,0.0
59,43.0,7.091066908832438,0.9133584073076223,16.672368059014993,9.36373913167484,1.7733628621410902,[9.36373913167484 1.7733628621410902],2793.150664359454,False,True,27.75417035738043,27,17.709159380834848,148.349,in_progress,0.0
59,44.0,7.227738312100744,0.9612245694685748,18.071957201719506,26.37037482854243,2.989549162625867,[26.37037482854243 2.989549162625867],2857.687873593132,False,True,28.27792381966873,28,17.709159380834848,148.42,in_progress,0.0
59,45.0,7.359131885326194,1.0235333214721274,22.24261097817123,-5.594870901208484,1.6460136977233433,[-5.594870901208484 1.6460136977233433],2895.3555948389157,False,True,28.788954578616824,28,17.709159380834848,148.464,in_progress,0.0
59,46.0,7.502282437093129,1.1071099076730915,28.78229210391106,-30.0,3.0317517219652634,[-30.0 3.0317517219652634],0.0,False,False,29.528594659862293,29,17.709159380834848,148.552,in_progress,0.0
59,47.0,7.5824702597408455,1.1539496259135567,30.575244182028545,20.52095720691176,3.908836643423376,[20.52095720691176 3.908836643423376],0.0,False,False,29.77114190445009,29,17.709159380834848,148.616,in_progress,0.0
59,48.0,7.713252768922522,1.2337166364662275,31.76155117372496,-30.0,3.5170487655968112,[-30.0 3.5170487655968112],0.0,False,False,30.385136146703417,30,17.709159380834848,148.68,in_progress,0.0
59,49.0,7.843298166783555,1.318685054844338,32.08400175081697,-4.967609400831492,3.9625403445205016,[-4.967609400831492 3.9625403445205016],0.0,True,False,30.790036396294013,30,17.709159380834848,148.75,off_track,0.0
